[
 {
  "sid":"THEOV:343:238:11",
  "className":"Simulink.Outport",
  "icon":"WebViewIcon3",
  "name":"Air Density",
  "label":"Air Density",
  "parent":"THEOV:343:238",
  "inspector":{
   "params":[
    "Port",
    "IconDisplay",
    "OutMin",
    "OutMax",
    "OutDataTypeStr",
    "LockScale",
    "Unit",
    "PortDimensions",
    "VarSizeSig",
    "SampleTime",
    "SignalType",
    "BusOutputAsStruct",
    "EnsureOutportIsVirtual",
    "InitialOutput",
    "MustResolveToSignalObject",
    "OutputWhenDisabled",
    "OutputWhenUnConnected",
    "OutputWhenUnconnectedValue",
    "SignalName",
    "SignalObject",
    "SourceOfInitialOutputValue",
    "StorageClass",
    "VectorParamsAs1DForOutWhenUnconnected"
   ],
   "values":[
    "4",
    "Port number",
    "[]",
    "[]",
    "Inherit: auto",
    "off",
    "kg/m^3",
    "-1",
    "Inherit",
    "-1",
    "auto",
    "off",
    "off",
    "[]",
    "off",
    "held",
    "off",
    "0",
    "",
    [
    ],
    "Dialog",
    "Auto",
    "off"
   ],
   "tabs":[
    "Main",
    "Signal Attributes",
    "-Other"
   ],
   "tabs_idx":[
    0,
    2,
    11
   ]
  },
  "viewer":{
   "jshandler":"webview/handlers/ElementHandler"
  },
  "obj_viewer":[
  ],
  "finder":{
   "blocktype":"Outport",
   "masktype":""
  }
 },
 {
  "sid":"THEOV:343:238:10",
  "className":"Simulink.Outport",
  "icon":"WebViewIcon3",
  "name":"Air Pressure",
  "label":"Air Pressure",
  "parent":"THEOV:343:238",
  "inspector":{
   "params":[
    "Port",
    "IconDisplay",
    "OutMin",
    "OutMax",
    "OutDataTypeStr",
    "LockScale",
    "Unit",
    "PortDimensions",
    "VarSizeSig",
    "SampleTime",
    "SignalType",
    "BusOutputAsStruct",
    "EnsureOutportIsVirtual",
    "InitialOutput",
    "MustResolveToSignalObject",
    "OutputWhenDisabled",
    "OutputWhenUnConnected",
    "OutputWhenUnconnectedValue",
    "SignalName",
    "SignalObject",
    "SourceOfInitialOutputValue",
    "StorageClass",
    "VectorParamsAs1DForOutWhenUnconnected"
   ],
   "values":[
    "3",
    "Port number",
    "[]",
    "[]",
    "Inherit: auto",
    "off",
    "Pa",
    "-1",
    "Inherit",
    "-1",
    "auto",
    "off",
    "off",
    "[]",
    "off",
    "held",
    "off",
    "0",
    "",
    [
    ],
    "Dialog",
    "Auto",
    "off"
   ],
   "tabs":[
    "Main",
    "Signal Attributes",
    "-Other"
   ],
   "tabs_idx":[
    0,
    2,
    11
   ]
  },
  "viewer":{
   "jshandler":"webview/handlers/ElementHandler"
  },
  "obj_viewer":[
  ],
  "finder":{
   "blocktype":"Outport",
   "masktype":""
  }
 },
 {
  "sid":"THEOV:343:238:9",
  "className":"Simulink.Outport",
  "icon":"WebViewIcon3",
  "name":"Speed of Sound",
  "label":"Speed of Sound",
  "parent":"THEOV:343:238",
  "inspector":{
   "params":[
    "Port",
    "IconDisplay",
    "OutMin",
    "OutMax",
    "OutDataTypeStr",
    "LockScale",
    "Unit",
    "PortDimensions",
    "VarSizeSig",
    "SampleTime",
    "SignalType",
    "BusOutputAsStruct",
    "EnsureOutportIsVirtual",
    "InitialOutput",
    "MustResolveToSignalObject",
    "OutputWhenDisabled",
    "OutputWhenUnConnected",
    "OutputWhenUnconnectedValue",
    "SignalName",
    "SignalObject",
    "SourceOfInitialOutputValue",
    "StorageClass",
    "VectorParamsAs1DForOutWhenUnconnected"
   ],
   "values":[
    "2",
    "Port number",
    "[]",
    "[]",
    "Inherit: auto",
    "off",
    "m/s",
    "-1",
    "Inherit",
    "-1",
    "auto",
    "off",
    "off",
    "[]",
    "off",
    "held",
    "off",
    "0",
    "",
    [
    ],
    "Dialog",
    "Auto",
    "off"
   ],
   "tabs":[
    "Main",
    "Signal Attributes",
    "-Other"
   ],
   "tabs_idx":[
    0,
    2,
    11
   ]
  },
  "viewer":{
   "jshandler":"webview/handlers/ElementHandler"
  },
  "obj_viewer":[
  ],
  "finder":{
   "blocktype":"Outport",
   "masktype":""
  }
 },
 {
  "sid":"THEOV:343:238:8",
  "className":"Simulink.Outport",
  "icon":"WebViewIcon3",
  "name":"Temperature",
  "label":"Temperature",
  "parent":"THEOV:343:238",
  "inspector":{
   "params":[
    "Port",
    "IconDisplay",
    "OutMin",
    "OutMax",
    "OutDataTypeStr",
    "LockScale",
    "Unit",
    "PortDimensions",
    "VarSizeSig",
    "SampleTime",
    "SignalType",
    "BusOutputAsStruct",
    "EnsureOutportIsVirtual",
    "InitialOutput",
    "MustResolveToSignalObject",
    "OutputWhenDisabled",
    "OutputWhenUnConnected",
    "OutputWhenUnconnectedValue",
    "SignalName",
    "SignalObject",
    "SourceOfInitialOutputValue",
    "StorageClass",
    "VectorParamsAs1DForOutWhenUnconnected"
   ],
   "values":[
    "1",
    "Port number",
    "[]",
    "[]",
    "Inherit: auto",
    "off",
    "K",
    "-1",
    "Inherit",
    "-1",
    "auto",
    "off",
    "off",
    "[]",
    "off",
    "held",
    "off",
    "0",
    "",
    [
    ],
    "Dialog",
    "Auto",
    "off"
   ],
   "tabs":[
    "Main",
    "Signal Attributes",
    "-Other"
   ],
   "tabs_idx":[
    0,
    2,
    11
   ]
  },
  "viewer":{
   "jshandler":"webview/handlers/ElementHandler"
  },
  "obj_viewer":[
  ],
  "finder":{
   "blocktype":"Outport",
   "masktype":""
  }
 },
 {
  "sid":"THEOV:343:238:5",
  "className":"Simulink.SFunction",
  "icon":"WebViewIcon3",
  "name":"S-Function",
  "label":"S-Function",
  "parent":"THEOV:343:238",
  "inspector":{
   "params":[
    "FunctionName",
    "Parameters",
    "SFunctionModules"
   ],
   "values":[
    "saeroatmos",
    "spec,model,profile_var,profile_percent,profile_alt,envelope_var,envelope_percent,action",
    "''"
   ],
   "tabs":[
    "Parameter Attributes"
   ],
   "tabs_idx":0
  },
  "viewer":{
   "jshandler":"webview/handlers/ElementHandler"
  },
  "obj_viewer":[
  ],
  "finder":{
   "blocktype":"S-Function",
   "masktype":""
  }
 },
 {
  "sid":"THEOV:343:238:1",
  "className":"Simulink.Inport",
  "icon":"WebViewIcon3",
  "name":"Height",
  "label":"Height",
  "parent":"THEOV:343:238",
  "inspector":{
   "params":[
    "Port",
    "IconDisplay",
    "LatchByDelayingOutsideSignal",
    "LatchInputForFeedbackSignals",
    "OutputFunctionCall",
    "OutMin",
    "OutMax",
    "OutDataTypeStr",
    "LockScale",
    "Unit",
    "PortDimensions",
    "VarSizeSig",
    "SampleTime",
    "SignalType",
    "BusOutputAsStruct",
    "InputConnect",
    "Interpolate"
   ],
   "values":[
    "1",
    "Port number",
    "off",
    "off",
    "off",
    "[]",
    "[]",
    "Inherit: auto",
    "off",
    "m",
    "-1",
    "Inherit",
    "-1",
    "auto",
    "off",
    "",
    "on"
   ],
   "tabs":[
    "Main",
    "Signal Attributes",
    "-Other"
   ],
   "tabs_idx":[
    0,
    4,
    14
   ]
  },
  "viewer":{
   "jshandler":"webview/handlers/ElementHandler"
  },
  "obj_viewer":[
  ],
  "finder":{
   "blocktype":"Inport",
   "masktype":""
  }
 },
 {
  "sid":"THEOV:343:238:15",
  "className":"Simulink.SubSystem",
  "icon":"WebViewIcon2",
  "name":"Density Conversion",
  "label":"Density Conversion",
  "parent":"THEOV:343:238",
  "inspector":{
   "params":[
    "ShowPortLabels",
    "Permissions",
    "ErrorFcn",
    "PermitHierarchicalResolution",
    "TreatAsAtomicUnit",
    "TreatAsGroupedWhenPropagatingVariantConditions",
    "RTWSystemCode",
    "ActiveVariant",
    "ActiveVariantBlock",
    "AllowZeroVariantControls",
    "BlockChoice",
    "FunctionInterfaceSpec",
    "FunctionWithSeparateData",
    "GeneratePreprocessorConditionals",
    "IsSubsystemVirtual",
    "LabelModeActiveChoice",
    "MemberBlocks",
    "MinAlgLoopOccurrences",
    "PropExecContextOutsideSubsystem",
    "PropagateVariantConditions",
    "RTWFcnName",
    "RTWFcnNameOpts",
    "RTWFileName",
    "RTWFileNameOpts",
    "RTWMemSecDataConstants",
    "RTWMemSecDataInternal",
    "RTWMemSecDataParameters",
    "RTWMemSecFuncExecute",
    "RTWMemSecFuncInitTerm",
    "SystemSampleTime",
    "TemplateBlock",
    "Variant",
    "VariantControl",
    "VariantControlMode"
   ],
   "values":[
    "FromPortIcon",
    "ReadWrite",
    "",
    "All",
    "off",
    "on",
    "Auto",
    "",
    "",
    "off",
    "",
    "void_void",
    "off",
    "off",
    "on",
    "",
    "",
    "off",
    "off",
    "off",
    "",
    "Auto",
    "",
    "Auto",
    "Inherit from model",
    "Inherit from model",
    "Inherit from model",
    "Inherit from model",
    "Inherit from model",
    "-1",
    "",
    "off",
    "",
    "Expression"
   ],
   "tabs":[
    "Main",
    "Code Generation",
    "-Other"
   ],
   "tabs_idx":[
    0,
    6,
    7
   ]
  },
  "viewer":{
   "jshandler":"webview/handlers/ContainerHandler"
  },
  "obj_viewer":[
  ],
  "finder":{
   "blocktype":"SubSystem",
   "masktype":""
  }
 },
 {
  "sid":"THEOV:343:238:19",
  "className":"Simulink.SubSystem",
  "icon":"WebViewIcon2",
  "name":"Velocity Conversion",
  "label":"Velocity Conversion",
  "parent":"THEOV:343:238",
  "inspector":{
   "params":[
    "ShowPortLabels",
    "Permissions",
    "ErrorFcn",
    "PermitHierarchicalResolution",
    "TreatAsAtomicUnit",
    "TreatAsGroupedWhenPropagatingVariantConditions",
    "RTWSystemCode",
    "ActiveVariant",
    "ActiveVariantBlock",
    "AllowZeroVariantControls",
    "BlockChoice",
    "FunctionInterfaceSpec",
    "FunctionWithSeparateData",
    "GeneratePreprocessorConditionals",
    "IsSubsystemVirtual",
    "LabelModeActiveChoice",
    "MemberBlocks",
    "MinAlgLoopOccurrences",
    "PropExecContextOutsideSubsystem",
    "PropagateVariantConditions",
    "RTWFcnName",
    "RTWFcnNameOpts",
    "RTWFileName",
    "RTWFileNameOpts",
    "RTWMemSecDataConstants",
    "RTWMemSecDataInternal",
    "RTWMemSecDataParameters",
    "RTWMemSecFuncExecute",
    "RTWMemSecFuncInitTerm",
    "SystemSampleTime",
    "TemplateBlock",
    "Variant",
    "VariantControl",
    "VariantControlMode"
   ],
   "values":[
    "FromPortIcon",
    "ReadWrite",
    "",
    "All",
    "off",
    "on",
    "Auto",
    "",
    "",
    "off",
    "",
    "void_void",
    "off",
    "off",
    "on",
    "",
    "",
    "off",
    "off",
    "off",
    "",
    "Auto",
    "",
    "Auto",
    "Inherit from model",
    "Inherit from model",
    "Inherit from model",
    "Inherit from model",
    "Inherit from model",
    "-1",
    "",
    "off",
    "",
    "Expression"
   ],
   "tabs":[
    "Main",
    "Code Generation",
    "-Other"
   ],
   "tabs_idx":[
    0,
    6,
    7
   ]
  },
  "viewer":{
   "jshandler":"webview/handlers/ContainerHandler"
  },
  "obj_viewer":[
  ],
  "finder":{
   "blocktype":"SubSystem",
   "masktype":""
  }
 },
 {
  "sid":"THEOV:343:238:23",
  "className":"Simulink.SubSystem",
  "icon":"WebViewIcon2",
  "name":"Temperature Conversion",
  "label":"Temperature Conversion",
  "parent":"THEOV:343:238",
  "inspector":{
   "params":[
    "ShowPortLabels",
    "Permissions",
    "ErrorFcn",
    "PermitHierarchicalResolution",
    "TreatAsAtomicUnit",
    "TreatAsGroupedWhenPropagatingVariantConditions",
    "RTWSystemCode",
    "ActiveVariant",
    "ActiveVariantBlock",
    "AllowZeroVariantControls",
    "BlockChoice",
    "FunctionInterfaceSpec",
    "FunctionWithSeparateData",
    "GeneratePreprocessorConditionals",
    "IsSubsystemVirtual",
    "LabelModeActiveChoice",
    "MemberBlocks",
    "MinAlgLoopOccurrences",
    "PropExecContextOutsideSubsystem",
    "PropagateVariantConditions",
    "RTWFcnName",
    "RTWFcnNameOpts",
    "RTWFileName",
    "RTWFileNameOpts",
    "RTWMemSecDataConstants",
    "RTWMemSecDataInternal",
    "RTWMemSecDataParameters",
    "RTWMemSecFuncExecute",
    "RTWMemSecFuncInitTerm",
    "SystemSampleTime",
    "TemplateBlock",
    "Variant",
    "VariantControl",
    "VariantControlMode"
   ],
   "values":[
    "FromPortIcon",
    "ReadWrite",
    "",
    "All",
    "off",
    "on",
    "Auto",
    "",
    "",
    "off",
    "",
    "void_void",
    "off",
    "off",
    "on",
    "",
    "",
    "off",
    "off",
    "off",
    "",
    "Auto",
    "",
    "Auto",
    "Inherit from model",
    "Inherit from model",
    "Inherit from model",
    "Inherit from model",
    "Inherit from model",
    "-1",
    "",
    "off",
    "",
    "Expression"
   ],
   "tabs":[
    "Main",
    "Code Generation",
    "-Other"
   ],
   "tabs_idx":[
    0,
    6,
    7
   ]
  },
  "viewer":{
   "jshandler":"webview/handlers/ContainerHandler"
  },
  "obj_viewer":[
  ],
  "finder":{
   "blocktype":"SubSystem",
   "masktype":""
  }
 },
 {
  "sid":"THEOV:343:238:31",
  "className":"Simulink.SubSystem",
  "icon":"WebViewIcon2",
  "name":"Length Conversion",
  "label":"Length Conversion",
  "parent":"THEOV:343:238",
  "inspector":{
   "params":[
    "ShowPortLabels",
    "Permissions",
    "ErrorFcn",
    "PermitHierarchicalResolution",
    "TreatAsAtomicUnit",
    "TreatAsGroupedWhenPropagatingVariantConditions",
    "RTWSystemCode",
    "ActiveVariant",
    "ActiveVariantBlock",
    "AllowZeroVariantControls",
    "BlockChoice",
    "FunctionInterfaceSpec",
    "FunctionWithSeparateData",
    "GeneratePreprocessorConditionals",
    "IsSubsystemVirtual",
    "LabelModeActiveChoice",
    "MemberBlocks",
    "MinAlgLoopOccurrences",
    "PropExecContextOutsideSubsystem",
    "PropagateVariantConditions",
    "RTWFcnName",
    "RTWFcnNameOpts",
    "RTWFileName",
    "RTWFileNameOpts",
    "RTWMemSecDataConstants",
    "RTWMemSecDataInternal",
    "RTWMemSecDataParameters",
    "RTWMemSecFuncExecute",
    "RTWMemSecFuncInitTerm",
    "SystemSampleTime",
    "TemplateBlock",
    "Variant",
    "VariantControl",
    "VariantControlMode"
   ],
   "values":[
    "FromPortIcon",
    "ReadWrite",
    "",
    "All",
    "off",
    "on",
    "Auto",
    "",
    "",
    "off",
    "",
    "void_void",
    "off",
    "off",
    "on",
    "",
    "",
    "off",
    "off",
    "off",
    "",
    "Auto",
    "",
    "Auto",
    "Inherit from model",
    "Inherit from model",
    "Inherit from model",
    "Inherit from model",
    "Inherit from model",
    "-1",
    "",
    "off",
    "",
    "Expression"
   ],
   "tabs":[
    "Main",
    "Code Generation",
    "-Other"
   ],
   "tabs_idx":[
    0,
    6,
    7
   ]
  },
  "viewer":{
   "jshandler":"webview/handlers/ContainerHandler"
  },
  "obj_viewer":[
  ],
  "finder":{
   "blocktype":"SubSystem",
   "masktype":""
  }
 },
 {
  "sid":"THEOV:343:238:35",
  "className":"Simulink.SubSystem",
  "icon":"WebViewIcon2",
  "name":"Pressure Conversion",
  "label":"Pressure Conversion",
  "parent":"THEOV:343:238",
  "inspector":{
   "params":[
    "ShowPortLabels",
    "Permissions",
    "ErrorFcn",
    "PermitHierarchicalResolution",
    "TreatAsAtomicUnit",
    "TreatAsGroupedWhenPropagatingVariantConditions",
    "RTWSystemCode",
    "ActiveVariant",
    "ActiveVariantBlock",
    "AllowZeroVariantControls",
    "BlockChoice",
    "FunctionInterfaceSpec",
    "FunctionWithSeparateData",
    "GeneratePreprocessorConditionals",
    "IsSubsystemVirtual",
    "LabelModeActiveChoice",
    "MemberBlocks",
    "MinAlgLoopOccurrences",
    "PropExecContextOutsideSubsystem",
    "PropagateVariantConditions",
    "RTWFcnName",
    "RTWFcnNameOpts",
    "RTWFileName",
    "RTWFileNameOpts",
    "RTWMemSecDataConstants",
    "RTWMemSecDataInternal",
    "RTWMemSecDataParameters",
    "RTWMemSecFuncExecute",
    "RTWMemSecFuncInitTerm",
    "SystemSampleTime",
    "TemplateBlock",
    "Variant",
    "VariantControl",
    "VariantControlMode"
   ],
   "values":[
    "FromPortIcon",
    "ReadWrite",
    "",
    "All",
    "off",
    "on",
    "Auto",
    "",
    "",
    "off",
    "",
    "void_void",
    "off",
    "off",
    "on",
    "",
    "",
    "off",
    "off",
    "off",
    "",
    "Auto",
    "",
    "Auto",
    "Inherit from model",
    "Inherit from model",
    "Inherit from model",
    "Inherit from model",
    "Inherit from model",
    "-1",
    "",
    "off",
    "",
    "Expression"
   ],
   "tabs":[
    "Main",
    "Code Generation",
    "-Other"
   ],
   "tabs_idx":[
    0,
    6,
    7
   ]
  },
  "viewer":{
   "jshandler":"webview/handlers/ContainerHandler"
  },
  "obj_viewer":[
  ],
  "finder":{
   "blocktype":"SubSystem",
   "masktype":""
  }
 },
 {
  "sid":"THEOV:343:238:39",
  "className":"Simulink.UnitConfiguration",
  "icon":"WebViewIcon3",
  "name":"Disallow CGS",
  "label":"Disallow CGS",
  "parent":"THEOV:343:238",
  "inspector":{
   "params":[
    "UnitSystems",
    "AllowAllUnitSystems"
   ],
   "values":[
    [
     "English",
     "SI",
     "SI (extended)"
    ],
    "off"
   ],
   "tabs":[
    "Parameter Attributes"
   ],
   "tabs_idx":0
  },
  "viewer":{
   "jshandler":"webview/handlers/ElementHandler"
  },
  "obj_viewer":[
  ],
  "finder":{
   "blocktype":"UnitConfiguration",
   "masktype":""
  }
 },
 {
  "sid":"THEOV:343:238:15#out:1",
  "className":"Simulink.Line",
  "icon":"WebViewIcon5",
  "name":"",
  "label":"",
  "parent":"THEOV:343:238",
  "inspector":{
   "params":[
    "SignalNameFromLabel",
    "MustResolveToSignal",
    "ShowPropagatedSignal",
    "DataLogging",
    "TestPoint",
    "SignalObjectPackage",
    "StorageClass",
    "Description",
    "documentLink"
   ],
   "values":[
    "",
    "off",
    "off",
    "off",
    "off",
    "Simulink",
    "Auto",
    "",
    ""
   ],
   "tabs":[
    "Parameter Attributes",
    "Logging and Accessibility",
    "Code Generation",
    "Documentation"
   ],
   "tabs_idx":[
    0,
    3,
    5,
    7
   ]
  },
  "viewer":{
   "jshandler":"webview/handlers/ElementHandler"
  },
  "obj_viewer":[
  ],
  "finder":[
  ]
 },
 {
  "sid":"THEOV:343:238:35#out:1",
  "className":"Simulink.Line",
  "icon":"WebViewIcon5",
  "name":"",
  "label":"",
  "parent":"THEOV:343:238",
  "inspector":{
   "params":[
    "SignalNameFromLabel",
    "MustResolveToSignal",
    "ShowPropagatedSignal",
    "DataLogging",
    "TestPoint",
    "SignalObjectPackage",
    "StorageClass",
    "Description",
    "documentLink"
   ],
   "values":[
    "",
    "off",
    "off",
    "off",
    "off",
    "Simulink",
    "Auto",
    "",
    ""
   ],
   "tabs":[
    "Parameter Attributes",
    "Logging and Accessibility",
    "Code Generation",
    "Documentation"
   ],
   "tabs_idx":[
    0,
    3,
    5,
    7
   ]
  },
  "viewer":{
   "jshandler":"webview/handlers/ElementHandler"
  },
  "obj_viewer":[
  ],
  "finder":[
  ]
 },
 {
  "sid":"THEOV:343:238:1#out:1",
  "className":"Simulink.Line",
  "icon":"WebViewIcon5",
  "name":"",
  "label":"",
  "parent":"THEOV:343:238",
  "inspector":{
   "params":[
    "SignalNameFromLabel",
    "MustResolveToSignal",
    "ShowPropagatedSignal",
    "DataLogging",
    "TestPoint",
    "SignalObjectPackage",
    "StorageClass",
    "Description",
    "documentLink"
   ],
   "values":[
    "",
    "off",
    "off",
    "off",
    "off",
    "Simulink",
    "Auto",
    "",
    ""
   ],
   "tabs":[
    "Parameter Attributes",
    "Logging and Accessibility",
    "Code Generation",
    "Documentation"
   ],
   "tabs_idx":[
    0,
    3,
    5,
    7
   ]
  },
  "viewer":{
   "jshandler":"webview/handlers/ElementHandler"
  },
  "obj_viewer":[
  ],
  "finder":[
  ]
 },
 {
  "sid":"THEOV:343:238:23#out:1",
  "className":"Simulink.Line",
  "icon":"WebViewIcon5",
  "name":"",
  "label":"",
  "parent":"THEOV:343:238",
  "inspector":{
   "params":[
    "SignalNameFromLabel",
    "MustResolveToSignal",
    "ShowPropagatedSignal",
    "DataLogging",
    "TestPoint",
    "SignalObjectPackage",
    "StorageClass",
    "Description",
    "documentLink"
   ],
   "values":[
    "",
    "off",
    "off",
    "off",
    "off",
    "Simulink",
    "Auto",
    "",
    ""
   ],
   "tabs":[
    "Parameter Attributes",
    "Logging and Accessibility",
    "Code Generation",
    "Documentation"
   ],
   "tabs_idx":[
    0,
    3,
    5,
    7
   ]
  },
  "viewer":{
   "jshandler":"webview/handlers/ElementHandler"
  },
  "obj_viewer":[
  ],
  "finder":[
  ]
 },
 {
  "sid":"THEOV:343:238:5#out:4",
  "className":"Simulink.Line",
  "icon":"WebViewIcon5",
  "name":"",
  "label":"",
  "parent":"THEOV:343:238",
  "inspector":{
   "params":[
    "SignalNameFromLabel",
    "MustResolveToSignal",
    "ShowPropagatedSignal",
    "DataLogging",
    "TestPoint",
    "SignalObjectPackage",
    "StorageClass",
    "Description",
    "documentLink"
   ],
   "values":[
    "",
    "off",
    "off",
    "off",
    "off",
    "Simulink",
    "Auto",
    "",
    ""
   ],
   "tabs":[
    "Parameter Attributes",
    "Logging and Accessibility",
    "Code Generation",
    "Documentation"
   ],
   "tabs_idx":[
    0,
    3,
    5,
    7
   ]
  },
  "viewer":{
   "jshandler":"webview/handlers/ElementHandler"
  },
  "obj_viewer":[
  ],
  "finder":[
  ]
 },
 {
  "sid":"THEOV:343:238:5#out:3",
  "className":"Simulink.Line",
  "icon":"WebViewIcon5",
  "name":"",
  "label":"",
  "parent":"THEOV:343:238",
  "inspector":{
   "params":[
    "SignalNameFromLabel",
    "MustResolveToSignal",
    "ShowPropagatedSignal",
    "DataLogging",
    "TestPoint",
    "SignalObjectPackage",
    "StorageClass",
    "Description",
    "documentLink"
   ],
   "values":[
    "",
    "off",
    "off",
    "off",
    "off",
    "Simulink",
    "Auto",
    "",
    ""
   ],
   "tabs":[
    "Parameter Attributes",
    "Logging and Accessibility",
    "Code Generation",
    "Documentation"
   ],
   "tabs_idx":[
    0,
    3,
    5,
    7
   ]
  },
  "viewer":{
   "jshandler":"webview/handlers/ElementHandler"
  },
  "obj_viewer":[
  ],
  "finder":[
  ]
 },
 {
  "sid":"THEOV:343:238:5#out:1",
  "className":"Simulink.Line",
  "icon":"WebViewIcon5",
  "name":"",
  "label":"",
  "parent":"THEOV:343:238",
  "inspector":{
   "params":[
    "SignalNameFromLabel",
    "MustResolveToSignal",
    "ShowPropagatedSignal",
    "DataLogging",
    "TestPoint",
    "SignalObjectPackage",
    "StorageClass",
    "Description",
    "documentLink"
   ],
   "values":[
    "",
    "off",
    "off",
    "off",
    "off",
    "Simulink",
    "Auto",
    "",
    ""
   ],
   "tabs":[
    "Parameter Attributes",
    "Logging and Accessibility",
    "Code Generation",
    "Documentation"
   ],
   "tabs_idx":[
    0,
    3,
    5,
    7
   ]
  },
  "viewer":{
   "jshandler":"webview/handlers/ElementHandler"
  },
  "obj_viewer":[
  ],
  "finder":[
  ]
 },
 {
  "sid":"THEOV:343:238:5#out:2",
  "className":"Simulink.Line",
  "icon":"WebViewIcon5",
  "name":"",
  "label":"",
  "parent":"THEOV:343:238",
  "inspector":{
   "params":[
    "SignalNameFromLabel",
    "MustResolveToSignal",
    "ShowPropagatedSignal",
    "DataLogging",
    "TestPoint",
    "SignalObjectPackage",
    "StorageClass",
    "Description",
    "documentLink"
   ],
   "values":[
    "",
    "off",
    "off",
    "off",
    "off",
    "Simulink",
    "Auto",
    "",
    ""
   ],
   "tabs":[
    "Parameter Attributes",
    "Logging and Accessibility",
    "Code Generation",
    "Documentation"
   ],
   "tabs_idx":[
    0,
    3,
    5,
    7
   ]
  },
  "viewer":{
   "jshandler":"webview/handlers/ElementHandler"
  },
  "obj_viewer":[
  ],
  "finder":[
  ]
 },
 {
  "sid":"THEOV:343:238:19#out:1",
  "className":"Simulink.Line",
  "icon":"WebViewIcon5",
  "name":"",
  "label":"",
  "parent":"THEOV:343:238",
  "inspector":{
   "params":[
    "SignalNameFromLabel",
    "MustResolveToSignal",
    "ShowPropagatedSignal",
    "DataLogging",
    "TestPoint",
    "SignalObjectPackage",
    "StorageClass",
    "Description",
    "documentLink"
   ],
   "values":[
    "",
    "off",
    "off",
    "off",
    "off",
    "Simulink",
    "Auto",
    "",
    ""
   ],
   "tabs":[
    "Parameter Attributes",
    "Logging and Accessibility",
    "Code Generation",
    "Documentation"
   ],
   "tabs_idx":[
    0,
    3,
    5,
    7
   ]
  },
  "viewer":{
   "jshandler":"webview/handlers/ElementHandler"
  },
  "obj_viewer":[
  ],
  "finder":[
  ]
 },
 {
  "sid":"THEOV:343:238:31#out:1",
  "className":"Simulink.Line",
  "icon":"WebViewIcon5",
  "name":"",
  "label":"",
  "parent":"THEOV:343:238",
  "inspector":{
   "params":[
    "SignalNameFromLabel",
    "MustResolveToSignal",
    "ShowPropagatedSignal",
    "DataLogging",
    "TestPoint",
    "SignalObjectPackage",
    "StorageClass",
    "Description",
    "documentLink"
   ],
   "values":[
    "",
    "off",
    "off",
    "off",
    "off",
    "Simulink",
    "Auto",
    "",
    ""
   ],
   "tabs":[
    "Parameter Attributes",
    "Logging and Accessibility",
    "Code Generation",
    "Documentation"
   ],
   "tabs_idx":[
    0,
    3,
    5,
    7
   ]
  },
  "viewer":{
   "jshandler":"webview/handlers/ElementHandler"
  },
  "obj_viewer":[
  ],
  "finder":[
  ]
 }
]