[
 {
  "sid":"THEOV:349:65",
  "className":"Simulink.Outport",
  "icon":"WebViewIcon3",
  "name":"delCoeff",
  "label":"delCoeff",
  "parent":"THEOV:349:52",
  "inspector":{
   "params":[
    "Port",
    "IconDisplay",
    "OutMin",
    "OutMax",
    "OutDataTypeStr",
    "LockScale",
    "Unit",
    "PortDimensions",
    "VarSizeSig",
    "SampleTime",
    "SignalType",
    "BusOutputAsStruct",
    "EnsureOutportIsVirtual",
    "InitialOutput",
    "MustResolveToSignalObject",
    "OutputWhenDisabled",
    "OutputWhenUnConnected",
    "OutputWhenUnconnectedValue",
    "SignalName",
    "SignalObject",
    "SourceOfInitialOutputValue",
    "StorageClass",
    "VectorParamsAs1DForOutWhenUnconnected"
   ],
   "values":[
    "1",
    "Port number",
    "[]",
    "[]",
    "Inherit: auto",
    "off",
    "inherit",
    "-1",
    "Inherit",
    "-1",
    "auto",
    "off",
    "off",
    "[]",
    "off",
    "held",
    "off",
    "0",
    "",
    [
    ],
    "Dialog",
    "Auto",
    "off"
   ],
   "tabs":[
    "Main",
    "Signal Attributes",
    "-Other"
   ],
   "tabs_idx":[
    0,
    2,
    11
   ]
  },
  "viewer":{
   "jshandler":"webview/handlers/ElementHandler"
  },
  "obj_viewer":[
  ],
  "finder":{
   "blocktype":"Outport",
   "masktype":""
  }
 },
 {
  "sid":"THEOV:349:64",
  "className":"Simulink.Product",
  "icon":"WebViewIcon3",
  "name":"Product",
  "label":"Product",
  "parent":"THEOV:349:52",
  "inspector":{
   "params":[
    "Inputs",
    "Multiplication",
    "InputSameDT",
    "OutMin",
    "OutMax",
    "OutDataTypeStr",
    "LockScale",
    "RndMeth",
    "SaturateOnIntegerOverflow",
    "CollapseDim",
    "CollapseMode",
    "SampleTime"
   ],
   "values":[
    "2",
    "Element-wise(.*)",
    "on",
    "[]",
    "[]",
    "Inherit: Same as first input",
    "off",
    "Floor",
    "on",
    "1",
    "All dimensions",
    "-1"
   ],
   "tabs":[
    "Main",
    "Signal Attributes",
    "-Other"
   ],
   "tabs_idx":[
    0,
    2,
    9
   ]
  },
  "viewer":{
   "jshandler":"webview/handlers/ElementHandler"
  },
  "obj_viewer":[
  ],
  "finder":{
   "blocktype":"Product",
   "masktype":""
  }
 },
 {
  "sid":"THEOV:349:63",
  "className":"Simulink.Mux",
  "icon":"WebViewIcon3",
  "name":"Mux1",
  "label":"Mux1",
  "parent":"THEOV:349:52",
  "inspector":{
   "params":[
    "Inputs",
    "DisplayOption"
   ],
   "values":[
    "6",
    "none"
   ],
   "tabs":[
    "Parameter Attributes"
   ],
   "tabs_idx":0
  },
  "viewer":{
   "jshandler":"webview/handlers/ElementHandler"
  },
  "obj_viewer":[
  ],
  "finder":{
   "blocktype":"Mux",
   "masktype":""
  }
 },
 {
  "sid":"THEOV:349:62",
  "className":"Simulink.Interpolation_nD",
  "icon":"WebViewIcon3",
  "name":"Cz",
  "label":"Cz",
  "parent":"THEOV:349:52",
  "inspector":{
   "params":[
    "NumberOfTableDimensions",
    "RequireIndexFractionAsBus",
    "TableSpecification",
    "TableSource",
    "Table",
    "InterpMethod",
    "ExtrapMethod",
    "DiagnosticForOutOfRangeInput",
    "NumSelectionDims",
    "RemoveProtectionIndex",
    "TableDataTypeStr",
    "TableMin",
    "TableMax",
    "IntermediateResultsDataTypeStr",
    "OutDataTypeStr",
    "OutMin",
    "OutMax",
    "InternalRulePriority",
    "LockScale",
    "RndMeth",
    "SaturateOnIntegerOverflow",
    "LookupTableObject",
    "SampleTime",
    "ValidIndexMayReachLast"
   ],
   "values":[
    "1",
    "off",
    "Explicit values",
    "Dialog",
    "CZde",
    "Linear point-slope",
    "Linear",
    "None",
    "0",
    "on",
    "Inherit: Same as output",
    "[]",
    "[]",
    "Inherit: Same as output",
    "Inherit: Inherit from 'Table data'",
    "[]",
    "[]",
    "Precision",
    "off",
    "Floor",
    "off",
    "",
    "-1",
    "off"
   ],
   "tabs":[
    "Main",
    "Data Types",
    "-Other"
   ],
   "tabs_idx":[
    0,
    10,
    21
   ]
  },
  "viewer":{
   "jshandler":"webview/handlers/ElementHandler"
  },
  "obj_viewer":[
  ],
  "finder":{
   "blocktype":"Interpolation_n-D",
   "masktype":""
  }
 },
 {
  "sid":"THEOV:349:61",
  "className":"Simulink.Interpolation_nD",
  "icon":"WebViewIcon3",
  "name":"Cx",
  "label":"Cx",
  "parent":"THEOV:349:52",
  "inspector":{
   "params":[
    "NumberOfTableDimensions",
    "RequireIndexFractionAsBus",
    "TableSpecification",
    "TableSource",
    "Table",
    "InterpMethod",
    "ExtrapMethod",
    "DiagnosticForOutOfRangeInput",
    "NumSelectionDims",
    "RemoveProtectionIndex",
    "TableDataTypeStr",
    "TableMin",
    "TableMax",
    "IntermediateResultsDataTypeStr",
    "OutDataTypeStr",
    "OutMin",
    "OutMax",
    "InternalRulePriority",
    "LockScale",
    "RndMeth",
    "SaturateOnIntegerOverflow",
    "LookupTableObject",
    "SampleTime",
    "ValidIndexMayReachLast"
   ],
   "values":[
    "1",
    "off",
    "Explicit values",
    "Dialog",
    "CXde",
    "Linear point-slope",
    "Linear",
    "None",
    "0",
    "on",
    "Inherit: Same as output",
    "[]",
    "[]",
    "Inherit: Same as output",
    "Inherit: Inherit from 'Table data'",
    "[]",
    "[]",
    "Precision",
    "off",
    "Floor",
    "off",
    "",
    "-1",
    "off"
   ],
   "tabs":[
    "Main",
    "Data Types",
    "-Other"
   ],
   "tabs_idx":[
    0,
    10,
    21
   ]
  },
  "viewer":{
   "jshandler":"webview/handlers/ElementHandler"
  },
  "obj_viewer":[
  ],
  "finder":{
   "blocktype":"Interpolation_n-D",
   "masktype":""
  }
 },
 {
  "sid":"THEOV:349:60",
  "className":"Simulink.Constant",
  "icon":"WebViewIcon3",
  "name":"Constant1",
  "label":"Constant1",
  "parent":"THEOV:349:52",
  "inspector":{
   "params":[
    "Value",
    "VectorParams1D",
    "SampleTime",
    "OutMin",
    "OutMax",
    "OutDataTypeStr",
    "LockScale",
    "FramePeriod"
   ],
   "values":[
    "0",
    "on",
    "inf",
    "[]",
    "[]",
    "Inherit: Inherit from 'Constant value'",
    "off",
    "inf"
   ],
   "tabs":[
    "Main",
    "Signal Attributes",
    "-Other"
   ],
   "tabs_idx":[
    0,
    3,
    7
   ]
  },
  "viewer":{
   "jshandler":"webview/handlers/ElementHandler"
  },
  "obj_viewer":[
  ],
  "finder":{
   "blocktype":"Constant",
   "masktype":""
  }
 },
 {
  "sid":"THEOV:349:59",
  "className":"Simulink.Interpolation_nD",
  "icon":"WebViewIcon3",
  "name":"Cm",
  "label":"Cm",
  "parent":"THEOV:349:52",
  "inspector":{
   "params":[
    "NumberOfTableDimensions",
    "RequireIndexFractionAsBus",
    "TableSpecification",
    "TableSource",
    "Table",
    "InterpMethod",
    "ExtrapMethod",
    "DiagnosticForOutOfRangeInput",
    "NumSelectionDims",
    "RemoveProtectionIndex",
    "TableDataTypeStr",
    "TableMin",
    "TableMax",
    "IntermediateResultsDataTypeStr",
    "OutDataTypeStr",
    "OutMin",
    "OutMax",
    "InternalRulePriority",
    "LockScale",
    "RndMeth",
    "SaturateOnIntegerOverflow",
    "LookupTableObject",
    "SampleTime",
    "ValidIndexMayReachLast"
   ],
   "values":[
    "1",
    "off",
    "Explicit values",
    "Dialog",
    "Cmde",
    "Linear point-slope",
    "Linear",
    "None",
    "0",
    "on",
    "Inherit: Same as output",
    "[]",
    "[]",
    "Inherit: Same as output",
    "Inherit: Inherit from 'Table data'",
    "[]",
    "[]",
    "Precision",
    "off",
    "Floor",
    "off",
    "",
    "-1",
    "off"
   ],
   "tabs":[
    "Main",
    "Data Types",
    "-Other"
   ],
   "tabs_idx":[
    0,
    10,
    21
   ]
  },
  "viewer":{
   "jshandler":"webview/handlers/ElementHandler"
  },
  "obj_viewer":[
  ],
  "finder":{
   "blocktype":"Interpolation_n-D",
   "masktype":""
  }
 },
 {
  "sid":"THEOV:349:58",
  "className":"Simulink.BusSelector",
  "icon":"WebViewIcon3",
  "name":"Bus Selector5",
  "label":"Bus Selector5",
  "parent":"THEOV:349:52",
  "inspector":{
   "params":[
    "OutputAsBus",
    "InputSignals",
    "OutputSignals"
   ],
   "values":[
    "off",
    [
     "k",
     "f"
    ],
    "k,f"
   ],
   "tabs":[
    "Parameter Attributes",
    "-Other"
   ],
   "tabs_idx":[
    0,
    1
   ]
  },
  "viewer":{
   "jshandler":"webview/handlers/ElementHandler"
  },
  "obj_viewer":[
  ],
  "finder":{
   "blocktype":"BusSelector",
   "masktype":""
  }
 },
 {
  "sid":"THEOV:349:57",
  "className":"Simulink.BusSelector",
  "icon":"WebViewIcon3",
  "name":"Bus Selector3",
  "label":"Bus Selector3",
  "parent":"THEOV:349:52",
  "inspector":{
   "params":[
    "OutputAsBus",
    "InputSignals",
    "OutputSignals"
   ],
   "values":[
    "off",
    [
     "k",
     "f"
    ],
    "k,f"
   ],
   "tabs":[
    "Parameter Attributes",
    "-Other"
   ],
   "tabs_idx":[
    0,
    1
   ]
  },
  "viewer":{
   "jshandler":"webview/handlers/ElementHandler"
  },
  "obj_viewer":[
  ],
  "finder":{
   "blocktype":"BusSelector",
   "masktype":""
  }
 },
 {
  "sid":"THEOV:349:56",
  "className":"Simulink.BusSelector",
  "icon":"WebViewIcon3",
  "name":"Bus Selector2",
  "label":"Bus Selector2",
  "parent":"THEOV:349:52",
  "inspector":{
   "params":[
    "OutputAsBus",
    "InputSignals",
    "OutputSignals"
   ],
   "values":[
    "off",
    [
     "k",
     "f"
    ],
    "k,f"
   ],
   "tabs":[
    "Parameter Attributes",
    "-Other"
   ],
   "tabs_idx":[
    0,
    1
   ]
  },
  "viewer":{
   "jshandler":"webview/handlers/ElementHandler"
  },
  "obj_viewer":[
  ],
  "finder":{
   "blocktype":"BusSelector",
   "masktype":""
  }
 },
 {
  "sid":"THEOV:349:55",
  "className":"Simulink.BusSelector",
  "icon":"WebViewIcon3",
  "name":"Bus Selector1",
  "label":"Bus Selector1",
  "parent":"THEOV:349:52",
  "inspector":{
   "params":[
    "OutputAsBus",
    "InputSignals",
    "OutputSignals"
   ],
   "values":[
    "off",
    [
    ],
    "Elevator"
   ],
   "tabs":[
    "Parameter Attributes",
    "-Other"
   ],
   "tabs_idx":[
    0,
    1
   ]
  },
  "viewer":{
   "jshandler":"webview/handlers/ElementHandler"
  },
  "obj_viewer":[
  ],
  "finder":{
   "blocktype":"BusSelector",
   "masktype":""
  }
 },
 {
  "sid":"THEOV:349:54",
  "className":"Simulink.Inport",
  "icon":"WebViewIcon3",
  "name":"Actuators",
  "label":"Actuators",
  "parent":"THEOV:349:52",
  "inspector":{
   "params":[
    "Port",
    "IconDisplay",
    "LatchByDelayingOutsideSignal",
    "LatchInputForFeedbackSignals",
    "OutputFunctionCall",
    "OutMin",
    "OutMax",
    "OutDataTypeStr",
    "LockScale",
    "Unit",
    "PortDimensions",
    "VarSizeSig",
    "SampleTime",
    "SignalType",
    "BusOutputAsStruct",
    "InputConnect",
    "Interpolate"
   ],
   "values":[
    "2",
    "Port number",
    "off",
    "off",
    "off",
    "[]",
    "[]",
    "Inherit: auto",
    "off",
    "inherit",
    "-1",
    "Inherit",
    "-1",
    "auto",
    "off",
    "",
    "on"
   ],
   "tabs":[
    "Main",
    "Signal Attributes",
    "-Other"
   ],
   "tabs_idx":[
    0,
    4,
    14
   ]
  },
  "viewer":{
   "jshandler":"webview/handlers/ElementHandler"
  },
  "obj_viewer":[
  ],
  "finder":{
   "blocktype":"Inport",
   "masktype":""
  }
 },
 {
  "sid":"THEOV:349:53",
  "className":"Simulink.Inport",
  "icon":"WebViewIcon3",
  "name":"Alpha",
  "label":"Alpha",
  "parent":"THEOV:349:52",
  "inspector":{
   "params":[
    "Port",
    "IconDisplay",
    "LatchByDelayingOutsideSignal",
    "LatchInputForFeedbackSignals",
    "OutputFunctionCall",
    "OutMin",
    "OutMax",
    "OutDataTypeStr",
    "LockScale",
    "Unit",
    "PortDimensions",
    "VarSizeSig",
    "SampleTime",
    "SignalType",
    "BusOutputAsStruct",
    "InputConnect",
    "Interpolate"
   ],
   "values":[
    "1",
    "Port number",
    "off",
    "off",
    "off",
    "[]",
    "[]",
    "Inherit: auto",
    "off",
    "inherit",
    "-1",
    "Inherit",
    "-1",
    "auto",
    "off",
    "",
    "on"
   ],
   "tabs":[
    "Main",
    "Signal Attributes",
    "-Other"
   ],
   "tabs_idx":[
    0,
    4,
    14
   ]
  },
  "viewer":{
   "jshandler":"webview/handlers/ElementHandler"
  },
  "obj_viewer":[
  ],
  "finder":{
   "blocktype":"Inport",
   "masktype":""
  }
 },
 {
  "sid":"THEOV:349:58#out:2",
  "className":"Simulink.Line",
  "icon":"WebViewIcon5",
  "name":"<f>",
  "label":"<f>",
  "parent":"THEOV:349:52",
  "inspector":{
   "params":[
    "SignalNameFromLabel",
    "MustResolveToSignal",
    "ShowPropagatedSignal",
    "DataLogging",
    "TestPoint",
    "SignalObjectPackage",
    "StorageClass",
    "Description",
    "documentLink"
   ],
   "values":[
    "<f>",
    "off",
    "off",
    "off",
    "off",
    "Simulink",
    "Auto",
    "",
    ""
   ],
   "tabs":[
    "Parameter Attributes",
    "Logging and Accessibility",
    "Code Generation",
    "Documentation"
   ],
   "tabs_idx":[
    0,
    3,
    5,
    7
   ]
  },
  "viewer":{
   "jshandler":"webview/handlers/ElementHandler"
  },
  "obj_viewer":[
  ],
  "finder":[
  ]
 },
 {
  "sid":"THEOV:349:58#out:1",
  "className":"Simulink.Line",
  "icon":"WebViewIcon5",
  "name":"<k>",
  "label":"<k>",
  "parent":"THEOV:349:52",
  "inspector":{
   "params":[
    "SignalNameFromLabel",
    "MustResolveToSignal",
    "ShowPropagatedSignal",
    "DataLogging",
    "TestPoint",
    "SignalObjectPackage",
    "StorageClass",
    "Description",
    "documentLink"
   ],
   "values":[
    "<k>",
    "off",
    "off",
    "off",
    "off",
    "Simulink",
    "Auto",
    "",
    ""
   ],
   "tabs":[
    "Parameter Attributes",
    "Logging and Accessibility",
    "Code Generation",
    "Documentation"
   ],
   "tabs_idx":[
    0,
    3,
    5,
    7
   ]
  },
  "viewer":{
   "jshandler":"webview/handlers/ElementHandler"
  },
  "obj_viewer":[
  ],
  "finder":[
  ]
 },
 {
  "sid":"THEOV:349:57#out:2",
  "className":"Simulink.Line",
  "icon":"WebViewIcon5",
  "name":"<f>",
  "label":"<f>",
  "parent":"THEOV:349:52",
  "inspector":{
   "params":[
    "SignalNameFromLabel",
    "MustResolveToSignal",
    "ShowPropagatedSignal",
    "DataLogging",
    "TestPoint",
    "SignalObjectPackage",
    "StorageClass",
    "Description",
    "documentLink"
   ],
   "values":[
    "<f>",
    "off",
    "off",
    "off",
    "off",
    "Simulink",
    "Auto",
    "",
    ""
   ],
   "tabs":[
    "Parameter Attributes",
    "Logging and Accessibility",
    "Code Generation",
    "Documentation"
   ],
   "tabs_idx":[
    0,
    3,
    5,
    7
   ]
  },
  "viewer":{
   "jshandler":"webview/handlers/ElementHandler"
  },
  "obj_viewer":[
  ],
  "finder":[
  ]
 },
 {
  "sid":"THEOV:349:57#out:1",
  "className":"Simulink.Line",
  "icon":"WebViewIcon5",
  "name":"<k>",
  "label":"<k>",
  "parent":"THEOV:349:52",
  "inspector":{
   "params":[
    "SignalNameFromLabel",
    "MustResolveToSignal",
    "ShowPropagatedSignal",
    "DataLogging",
    "TestPoint",
    "SignalObjectPackage",
    "StorageClass",
    "Description",
    "documentLink"
   ],
   "values":[
    "<k>",
    "off",
    "off",
    "off",
    "off",
    "Simulink",
    "Auto",
    "",
    ""
   ],
   "tabs":[
    "Parameter Attributes",
    "Logging and Accessibility",
    "Code Generation",
    "Documentation"
   ],
   "tabs_idx":[
    0,
    3,
    5,
    7
   ]
  },
  "viewer":{
   "jshandler":"webview/handlers/ElementHandler"
  },
  "obj_viewer":[
  ],
  "finder":[
  ]
 },
 {
  "sid":"THEOV:349:56#out:2",
  "className":"Simulink.Line",
  "icon":"WebViewIcon5",
  "name":"<f>",
  "label":"<f>",
  "parent":"THEOV:349:52",
  "inspector":{
   "params":[
    "SignalNameFromLabel",
    "MustResolveToSignal",
    "ShowPropagatedSignal",
    "DataLogging",
    "TestPoint",
    "SignalObjectPackage",
    "StorageClass",
    "Description",
    "documentLink"
   ],
   "values":[
    "<f>",
    "off",
    "off",
    "off",
    "off",
    "Simulink",
    "Auto",
    "",
    ""
   ],
   "tabs":[
    "Parameter Attributes",
    "Logging and Accessibility",
    "Code Generation",
    "Documentation"
   ],
   "tabs_idx":[
    0,
    3,
    5,
    7
   ]
  },
  "viewer":{
   "jshandler":"webview/handlers/ElementHandler"
  },
  "obj_viewer":[
  ],
  "finder":[
  ]
 },
 {
  "sid":"THEOV:349:56#out:1",
  "className":"Simulink.Line",
  "icon":"WebViewIcon5",
  "name":"<k>",
  "label":"<k>",
  "parent":"THEOV:349:52",
  "inspector":{
   "params":[
    "SignalNameFromLabel",
    "MustResolveToSignal",
    "ShowPropagatedSignal",
    "DataLogging",
    "TestPoint",
    "SignalObjectPackage",
    "StorageClass",
    "Description",
    "documentLink"
   ],
   "values":[
    "<k>",
    "off",
    "off",
    "off",
    "off",
    "Simulink",
    "Auto",
    "",
    ""
   ],
   "tabs":[
    "Parameter Attributes",
    "Logging and Accessibility",
    "Code Generation",
    "Documentation"
   ],
   "tabs_idx":[
    0,
    3,
    5,
    7
   ]
  },
  "viewer":{
   "jshandler":"webview/handlers/ElementHandler"
  },
  "obj_viewer":[
  ],
  "finder":[
  ]
 },
 {
  "sid":"THEOV:349:55#out:1",
  "className":"Simulink.Line",
  "icon":"WebViewIcon5",
  "name":"<Elevator>",
  "label":"<Elevator>",
  "parent":"THEOV:349:52",
  "inspector":{
   "params":[
    "SignalNameFromLabel",
    "MustResolveToSignal",
    "ShowPropagatedSignal",
    "DataLogging",
    "TestPoint",
    "SignalObjectPackage",
    "StorageClass",
    "Description",
    "documentLink"
   ],
   "values":[
    "<Elevator>",
    "off",
    "off",
    "off",
    "off",
    "Simulink",
    "Auto",
    "",
    ""
   ],
   "tabs":[
    "Parameter Attributes",
    "Logging and Accessibility",
    "Code Generation",
    "Documentation"
   ],
   "tabs_idx":[
    0,
    3,
    5,
    7
   ]
  },
  "viewer":{
   "jshandler":"webview/handlers/ElementHandler"
  },
  "obj_viewer":[
  ],
  "finder":[
  ]
 },
 {
  "sid":"THEOV:349:54#out:1",
  "className":"Simulink.Line",
  "icon":"WebViewIcon5",
  "name":"",
  "label":"",
  "parent":"THEOV:349:52",
  "inspector":{
   "params":[
    "SignalNameFromLabel",
    "MustResolveToSignal",
    "ShowPropagatedSignal",
    "DataLogging",
    "TestPoint",
    "SignalObjectPackage",
    "StorageClass",
    "Description",
    "documentLink"
   ],
   "values":[
    "",
    "off",
    "off",
    "off",
    "off",
    "Simulink",
    "Auto",
    "",
    ""
   ],
   "tabs":[
    "Parameter Attributes",
    "Logging and Accessibility",
    "Code Generation",
    "Documentation"
   ],
   "tabs_idx":[
    0,
    3,
    5,
    7
   ]
  },
  "viewer":{
   "jshandler":"webview/handlers/ElementHandler"
  },
  "obj_viewer":[
  ],
  "finder":[
  ]
 },
 {
  "sid":"THEOV:349:60#out:1",
  "className":"Simulink.Line",
  "icon":"WebViewIcon5",
  "name":"",
  "label":"",
  "parent":"THEOV:349:52",
  "inspector":{
   "params":[
    "SignalNameFromLabel",
    "MustResolveToSignal",
    "ShowPropagatedSignal",
    "DataLogging",
    "TestPoint",
    "SignalObjectPackage",
    "StorageClass",
    "Description",
    "documentLink"
   ],
   "values":[
    "",
    "off",
    "off",
    "off",
    "off",
    "Simulink",
    "Auto",
    "",
    ""
   ],
   "tabs":[
    "Parameter Attributes",
    "Logging and Accessibility",
    "Code Generation",
    "Documentation"
   ],
   "tabs_idx":[
    0,
    3,
    5,
    7
   ]
  },
  "viewer":{
   "jshandler":"webview/handlers/ElementHandler"
  },
  "obj_viewer":[
  ],
  "finder":[
  ]
 },
 {
  "sid":"THEOV:349:59#out:1",
  "className":"Simulink.Line",
  "icon":"WebViewIcon5",
  "name":"",
  "label":"",
  "parent":"THEOV:349:52",
  "inspector":{
   "params":[
    "SignalNameFromLabel",
    "MustResolveToSignal",
    "ShowPropagatedSignal",
    "DataLogging",
    "TestPoint",
    "SignalObjectPackage",
    "StorageClass",
    "Description",
    "documentLink"
   ],
   "values":[
    "",
    "off",
    "off",
    "off",
    "off",
    "Simulink",
    "Auto",
    "",
    ""
   ],
   "tabs":[
    "Parameter Attributes",
    "Logging and Accessibility",
    "Code Generation",
    "Documentation"
   ],
   "tabs_idx":[
    0,
    3,
    5,
    7
   ]
  },
  "viewer":{
   "jshandler":"webview/handlers/ElementHandler"
  },
  "obj_viewer":[
  ],
  "finder":[
  ]
 },
 {
  "sid":"THEOV:349:62#out:1",
  "className":"Simulink.Line",
  "icon":"WebViewIcon5",
  "name":"",
  "label":"",
  "parent":"THEOV:349:52",
  "inspector":{
   "params":[
    "SignalNameFromLabel",
    "MustResolveToSignal",
    "ShowPropagatedSignal",
    "DataLogging",
    "TestPoint",
    "SignalObjectPackage",
    "StorageClass",
    "Description",
    "documentLink"
   ],
   "values":[
    "",
    "off",
    "off",
    "off",
    "off",
    "Simulink",
    "Auto",
    "",
    ""
   ],
   "tabs":[
    "Parameter Attributes",
    "Logging and Accessibility",
    "Code Generation",
    "Documentation"
   ],
   "tabs_idx":[
    0,
    3,
    5,
    7
   ]
  },
  "viewer":{
   "jshandler":"webview/handlers/ElementHandler"
  },
  "obj_viewer":[
  ],
  "finder":[
  ]
 },
 {
  "sid":"THEOV:349:61#out:1",
  "className":"Simulink.Line",
  "icon":"WebViewIcon5",
  "name":"",
  "label":"",
  "parent":"THEOV:349:52",
  "inspector":{
   "params":[
    "SignalNameFromLabel",
    "MustResolveToSignal",
    "ShowPropagatedSignal",
    "DataLogging",
    "TestPoint",
    "SignalObjectPackage",
    "StorageClass",
    "Description",
    "documentLink"
   ],
   "values":[
    "",
    "off",
    "off",
    "off",
    "off",
    "Simulink",
    "Auto",
    "",
    ""
   ],
   "tabs":[
    "Parameter Attributes",
    "Logging and Accessibility",
    "Code Generation",
    "Documentation"
   ],
   "tabs_idx":[
    0,
    3,
    5,
    7
   ]
  },
  "viewer":{
   "jshandler":"webview/handlers/ElementHandler"
  },
  "obj_viewer":[
  ],
  "finder":[
  ]
 },
 {
  "sid":"THEOV:349:53#out:1",
  "className":"Simulink.Line",
  "icon":"WebViewIcon5",
  "name":"",
  "label":"",
  "parent":"THEOV:349:52",
  "inspector":{
   "params":[
    "SignalNameFromLabel",
    "MustResolveToSignal",
    "ShowPropagatedSignal",
    "DataLogging",
    "TestPoint",
    "SignalObjectPackage",
    "StorageClass",
    "Description",
    "documentLink"
   ],
   "values":[
    "",
    "off",
    "off",
    "off",
    "off",
    "Simulink",
    "Auto",
    "",
    ""
   ],
   "tabs":[
    "Parameter Attributes",
    "Logging and Accessibility",
    "Code Generation",
    "Documentation"
   ],
   "tabs_idx":[
    0,
    3,
    5,
    7
   ]
  },
  "viewer":{
   "jshandler":"webview/handlers/ElementHandler"
  },
  "obj_viewer":[
  ],
  "finder":[
  ]
 },
 {
  "sid":"THEOV:349:63#out:1",
  "className":"Simulink.Line",
  "icon":"WebViewIcon5",
  "name":"",
  "label":"",
  "parent":"THEOV:349:52",
  "inspector":{
   "params":[
    "SignalNameFromLabel",
    "MustResolveToSignal",
    "ShowPropagatedSignal",
    "DataLogging",
    "TestPoint",
    "SignalObjectPackage",
    "StorageClass",
    "Description",
    "documentLink"
   ],
   "values":[
    "",
    "off",
    "off",
    "off",
    "off",
    "Simulink",
    "Auto",
    "",
    ""
   ],
   "tabs":[
    "Parameter Attributes",
    "Logging and Accessibility",
    "Code Generation",
    "Documentation"
   ],
   "tabs_idx":[
    0,
    3,
    5,
    7
   ]
  },
  "viewer":{
   "jshandler":"webview/handlers/ElementHandler"
  },
  "obj_viewer":[
  ],
  "finder":[
  ]
 },
 {
  "sid":"THEOV:349:64#out:1",
  "className":"Simulink.Line",
  "icon":"WebViewIcon5",
  "name":"",
  "label":"",
  "parent":"THEOV:349:52",
  "inspector":{
   "params":[
    "SignalNameFromLabel",
    "MustResolveToSignal",
    "ShowPropagatedSignal",
    "DataLogging",
    "TestPoint",
    "SignalObjectPackage",
    "StorageClass",
    "Description",
    "documentLink"
   ],
   "values":[
    "",
    "off",
    "off",
    "off",
    "off",
    "Simulink",
    "Auto",
    "",
    ""
   ],
   "tabs":[
    "Parameter Attributes",
    "Logging and Accessibility",
    "Code Generation",
    "Documentation"
   ],
   "tabs_idx":[
    0,
    3,
    5,
    7
   ]
  },
  "viewer":{
   "jshandler":"webview/handlers/ElementHandler"
  },
  "obj_viewer":[
  ],
  "finder":[
  ]
 }
]