[
 {
  "sid":"THEOV:340:41",
  "className":"Simulink.Outport",
  "icon":"WebViewIcon3",
  "name":"Ax,Az",
  "label":"Ax,Az",
  "parent":"THEOV:340",
  "inspector":{
   "params":[
    "Port",
    "IconDisplay",
    "OutMin",
    "OutMax",
    "OutDataTypeStr",
    "LockScale",
    "Unit",
    "PortDimensions",
    "VarSizeSig",
    "SampleTime",
    "SignalType",
    "BusOutputAsStruct",
    "EnsureOutportIsVirtual",
    "InitialOutput",
    "MustResolveToSignalObject",
    "OutputWhenDisabled",
    "OutputWhenUnConnected",
    "OutputWhenUnconnectedValue",
    "SignalName",
    "SignalObject",
    "SourceOfInitialOutputValue",
    "StorageClass",
    "VectorParamsAs1DForOutWhenUnconnected"
   ],
   "values":[
    "6",
    "Port number",
    "[]",
    "[]",
    "Inherit: auto",
    "off",
    "inherit",
    "-1",
    "Inherit",
    "-1",
    "auto",
    "off",
    "off",
    "0",
    "off",
    "held",
    "off",
    "0",
    "",
    [
    ],
    "Dialog",
    "Auto",
    "off"
   ],
   "tabs":[
    "Main",
    "Signal Attributes",
    "-Other"
   ],
   "tabs_idx":[
    0,
    2,
    11
   ]
  },
  "viewer":{
   "jshandler":"webview/handlers/ElementHandler"
  },
  "obj_viewer":[
  ],
  "finder":{
   "blocktype":"Outport",
   "masktype":""
  }
 },
 {
  "sid":"THEOV:340:40",
  "className":"Simulink.Outport",
  "icon":"WebViewIcon3",
  "name":"U,w ",
  "label":"U,w ",
  "parent":"THEOV:340",
  "inspector":{
   "params":[
    "Port",
    "IconDisplay",
    "OutMin",
    "OutMax",
    "OutDataTypeStr",
    "LockScale",
    "Unit",
    "PortDimensions",
    "VarSizeSig",
    "SampleTime",
    "SignalType",
    "BusOutputAsStruct",
    "EnsureOutportIsVirtual",
    "InitialOutput",
    "MustResolveToSignalObject",
    "OutputWhenDisabled",
    "OutputWhenUnConnected",
    "OutputWhenUnconnectedValue",
    "SignalName",
    "SignalObject",
    "SourceOfInitialOutputValue",
    "StorageClass",
    "VectorParamsAs1DForOutWhenUnconnected"
   ],
   "values":[
    "5",
    "Port number",
    "[]",
    "[]",
    "Inherit: auto",
    "off",
    "inherit",
    "-1",
    "Inherit",
    "-1",
    "auto",
    "off",
    "off",
    "0",
    "off",
    "held",
    "off",
    "0",
    "",
    [
    ],
    "Dialog",
    "Auto",
    "off"
   ],
   "tabs":[
    "Main",
    "Signal Attributes",
    "-Other"
   ],
   "tabs_idx":[
    0,
    2,
    11
   ]
  },
  "viewer":{
   "jshandler":"webview/handlers/ElementHandler"
  },
  "obj_viewer":[
  ],
  "finder":{
   "blocktype":"Outport",
   "masktype":""
  }
 },
 {
  "sid":"THEOV:340:39",
  "className":"Simulink.Outport",
  "icon":"WebViewIcon3",
  "name":"Xe,Ze",
  "label":"Xe,Ze",
  "parent":"THEOV:340",
  "inspector":{
   "params":[
    "Port",
    "IconDisplay",
    "OutMin",
    "OutMax",
    "OutDataTypeStr",
    "LockScale",
    "Unit",
    "PortDimensions",
    "VarSizeSig",
    "SampleTime",
    "SignalType",
    "BusOutputAsStruct",
    "EnsureOutportIsVirtual",
    "InitialOutput",
    "MustResolveToSignalObject",
    "OutputWhenDisabled",
    "OutputWhenUnConnected",
    "OutputWhenUnconnectedValue",
    "SignalName",
    "SignalObject",
    "SourceOfInitialOutputValue",
    "StorageClass",
    "VectorParamsAs1DForOutWhenUnconnected"
   ],
   "values":[
    "4",
    "Port number",
    "[]",
    "[]",
    "Inherit: auto",
    "off",
    "inherit",
    "-1",
    "Inherit",
    "-1",
    "auto",
    "off",
    "off",
    "0",
    "off",
    "held",
    "off",
    "0",
    "",
    [
    ],
    "Dialog",
    "Auto",
    "off"
   ],
   "tabs":[
    "Main",
    "Signal Attributes",
    "-Other"
   ],
   "tabs_idx":[
    0,
    2,
    11
   ]
  },
  "viewer":{
   "jshandler":"webview/handlers/ElementHandler"
  },
  "obj_viewer":[
  ],
  "finder":{
   "blocktype":"Outport",
   "masktype":""
  }
 },
 {
  "sid":"THEOV:340:38",
  "className":"Simulink.Outport",
  "icon":"WebViewIcon3",
  "name":"qdot",
  "label":"qdot",
  "parent":"THEOV:340",
  "inspector":{
   "params":[
    "Port",
    "IconDisplay",
    "OutMin",
    "OutMax",
    "OutDataTypeStr",
    "LockScale",
    "Unit",
    "PortDimensions",
    "VarSizeSig",
    "SampleTime",
    "SignalType",
    "BusOutputAsStruct",
    "EnsureOutportIsVirtual",
    "InitialOutput",
    "MustResolveToSignalObject",
    "OutputWhenDisabled",
    "OutputWhenUnConnected",
    "OutputWhenUnconnectedValue",
    "SignalName",
    "SignalObject",
    "SourceOfInitialOutputValue",
    "StorageClass",
    "VectorParamsAs1DForOutWhenUnconnected"
   ],
   "values":[
    "3",
    "Port number",
    "[]",
    "[]",
    "Inherit: auto",
    "off",
    "inherit",
    "-1",
    "Inherit",
    "-1",
    "auto",
    "off",
    "off",
    "0",
    "off",
    "held",
    "off",
    "0",
    "",
    [
    ],
    "Dialog",
    "Auto",
    "off"
   ],
   "tabs":[
    "Main",
    "Signal Attributes",
    "-Other"
   ],
   "tabs_idx":[
    0,
    2,
    11
   ]
  },
  "viewer":{
   "jshandler":"webview/handlers/ElementHandler"
  },
  "obj_viewer":[
  ],
  "finder":{
   "blocktype":"Outport",
   "masktype":""
  }
 },
 {
  "sid":"THEOV:340:37",
  "className":"Simulink.Outport",
  "icon":"WebViewIcon3",
  "name":"q ",
  "label":"q ",
  "parent":"THEOV:340",
  "inspector":{
   "params":[
    "Port",
    "IconDisplay",
    "OutMin",
    "OutMax",
    "OutDataTypeStr",
    "LockScale",
    "Unit",
    "PortDimensions",
    "VarSizeSig",
    "SampleTime",
    "SignalType",
    "BusOutputAsStruct",
    "EnsureOutportIsVirtual",
    "InitialOutput",
    "MustResolveToSignalObject",
    "OutputWhenDisabled",
    "OutputWhenUnConnected",
    "OutputWhenUnconnectedValue",
    "SignalName",
    "SignalObject",
    "SourceOfInitialOutputValue",
    "StorageClass",
    "VectorParamsAs1DForOutWhenUnconnected"
   ],
   "values":[
    "2",
    "Port number",
    "[]",
    "[]",
    "Inherit: auto",
    "off",
    "inherit",
    "-1",
    "Inherit",
    "-1",
    "auto",
    "off",
    "off",
    "0",
    "off",
    "held",
    "off",
    "0",
    "",
    [
    ],
    "Dialog",
    "Auto",
    "off"
   ],
   "tabs":[
    "Main",
    "Signal Attributes",
    "-Other"
   ],
   "tabs_idx":[
    0,
    2,
    11
   ]
  },
  "viewer":{
   "jshandler":"webview/handlers/ElementHandler"
  },
  "obj_viewer":[
  ],
  "finder":{
   "blocktype":"Outport",
   "masktype":""
  }
 },
 {
  "sid":"THEOV:340:36",
  "className":"Simulink.Outport",
  "icon":"WebViewIcon3",
  "name":"Attitude",
  "label":"Attitude",
  "parent":"THEOV:340",
  "inspector":{
   "params":[
    "Port",
    "IconDisplay",
    "OutMin",
    "OutMax",
    "OutDataTypeStr",
    "LockScale",
    "Unit",
    "PortDimensions",
    "VarSizeSig",
    "SampleTime",
    "SignalType",
    "BusOutputAsStruct",
    "EnsureOutportIsVirtual",
    "InitialOutput",
    "MustResolveToSignalObject",
    "OutputWhenDisabled",
    "OutputWhenUnConnected",
    "OutputWhenUnconnectedValue",
    "SignalName",
    "SignalObject",
    "SourceOfInitialOutputValue",
    "StorageClass",
    "VectorParamsAs1DForOutWhenUnconnected"
   ],
   "values":[
    "1",
    "Port number",
    "[]",
    "[]",
    "Inherit: auto",
    "off",
    "inherit",
    "-1",
    "Inherit",
    "-1",
    "auto",
    "off",
    "off",
    "0",
    "off",
    "held",
    "off",
    "0",
    "",
    [
    ],
    "Dialog",
    "Auto",
    "off"
   ],
   "tabs":[
    "Main",
    "Signal Attributes",
    "-Other"
   ],
   "tabs_idx":[
    0,
    2,
    11
   ]
  },
  "viewer":{
   "jshandler":"webview/handlers/ElementHandler"
  },
  "obj_viewer":[
  ],
  "finder":{
   "blocktype":"Outport",
   "masktype":""
  }
 },
 {
  "sid":"THEOV:340:35",
  "className":"Simulink.Integrator",
  "icon":"WebViewIcon3",
  "name":"q",
  "label":"q",
  "parent":"THEOV:340",
  "inspector":{
   "params":[
    "InitialCondition",
    "AbsoluteTolerance",
    "ContinuousStateAttributes",
    "ExternalReset",
    "IgnoreLimit",
    "InitialConditionSource",
    "LimitOutput",
    "LowerSaturationLimit",
    "ShowSaturationPort",
    "ShowStatePort",
    "UpperSaturationLimit",
    "WrapState",
    "WrappedStateLowerValue",
    "WrappedStateUpperValue",
    "ZeroCross"
   ],
   "values":[
    "q_ini",
    "auto",
    "''",
    "none",
    "off",
    "internal",
    "off",
    "-inf",
    "off",
    "off",
    "inf",
    "off",
    "-pi",
    "pi",
    "on"
   ],
   "tabs":[
    "Parameter Attributes",
    "-Other"
   ],
   "tabs_idx":[
    0,
    2
   ]
  },
  "viewer":{
   "jshandler":"webview/handlers/ElementHandler"
  },
  "obj_viewer":[
  ],
  "finder":{
   "blocktype":"Integrator",
   "masktype":""
  }
 },
 {
  "sid":"THEOV:340:34",
  "className":"Simulink.Integrator",
  "icon":"WebViewIcon3",
  "name":"U,w",
  "label":"U,w",
  "parent":"THEOV:340",
  "inspector":{
   "params":[
    "InitialCondition",
    "AbsoluteTolerance",
    "ContinuousStateAttributes",
    "ExternalReset",
    "IgnoreLimit",
    "InitialConditionSource",
    "LimitOutput",
    "LowerSaturationLimit",
    "ShowSaturationPort",
    "ShowStatePort",
    "UpperSaturationLimit",
    "WrapState",
    "WrappedStateLowerValue",
    "WrappedStateUpperValue",
    "ZeroCross"
   ],
   "values":[
    "[U0 w0]",
    "auto",
    "''",
    "none",
    "off",
    "internal",
    "off",
    "-inf",
    "off",
    "off",
    "inf",
    "off",
    "-pi",
    "pi",
    "on"
   ],
   "tabs":[
    "Parameter Attributes",
    "-Other"
   ],
   "tabs_idx":[
    0,
    2
   ]
  },
  "viewer":{
   "jshandler":"webview/handlers/ElementHandler"
  },
  "obj_viewer":[
  ],
  "finder":{
   "blocktype":"Integrator",
   "masktype":""
  }
 },
 {
  "sid":"THEOV:340:22",
  "className":"Simulink.SubSystem",
  "icon":"WebViewIcon2",
  "name":"Transform  to Earth Axes",
  "label":"Transform  to Earth Axes",
  "parent":"THEOV:340",
  "inspector":{
   "params":[
    "ShowPortLabels",
    "Permissions",
    "ErrorFcn",
    "PermitHierarchicalResolution",
    "TreatAsAtomicUnit",
    "TreatAsGroupedWhenPropagatingVariantConditions",
    "ActiveVariant",
    "ActiveVariantBlock",
    "AllowZeroVariantControls",
    "BlockChoice",
    "FunctionInterfaceSpec",
    "FunctionWithSeparateData",
    "GeneratePreprocessorConditionals",
    "IsSubsystemVirtual",
    "MemberBlocks",
    "MinAlgLoopOccurrences",
    "OverrideUsingVariant",
    "PropExecContextOutsideSubsystem",
    "PropagateVariantConditions",
    "RTWFcnName",
    "RTWFcnNameOpts",
    "RTWFileName",
    "RTWFileNameOpts",
    "RTWMemSecDataConstants",
    "RTWMemSecDataInternal",
    "RTWMemSecDataParameters",
    "RTWMemSecFuncExecute",
    "RTWMemSecFuncInitTerm",
    "RTWSystemCode",
    "SystemSampleTime",
    "TemplateBlock",
    "Variant",
    "VariantControl"
   ],
   "values":[
    "FromPortIcon",
    "ReadWrite",
    "",
    "All",
    "off",
    "on",
    "",
    "",
    "off",
    "",
    "void_void",
    "off",
    "off",
    "on",
    "",
    "off",
    "",
    "off",
    "off",
    "",
    "Auto",
    "",
    "Auto",
    "Inherit from model",
    "Inherit from model",
    "Inherit from model",
    "Inherit from model",
    "Inherit from model",
    "Auto",
    "-1",
    "",
    "off",
    ""
   ],
   "tabs":[
    "Main",
    "-Other"
   ],
   "tabs_idx":[
    0,
    6
   ]
  },
  "viewer":{
   "jshandler":"webview/handlers/ContainerHandler"
  },
  "obj_viewer":[
  ],
  "finder":{
   "blocktype":"SubSystem",
   "masktype":""
  }
 },
 {
  "sid":"THEOV:340:21",
  "className":"Simulink.Integrator",
  "icon":"WebViewIcon3",
  "name":"Theta",
  "label":"Theta",
  "parent":"THEOV:340",
  "inspector":{
   "params":[
    "InitialCondition",
    "AbsoluteTolerance",
    "ContinuousStateAttributes",
    "ExternalReset",
    "IgnoreLimit",
    "InitialConditionSource",
    "LimitOutput",
    "LowerSaturationLimit",
    "ShowSaturationPort",
    "ShowStatePort",
    "UpperSaturationLimit",
    "WrapState",
    "WrappedStateLowerValue",
    "WrappedStateUpperValue",
    "ZeroCross"
   ],
   "values":[
    "theta_ini",
    "auto",
    "''",
    "none",
    "off",
    "internal",
    "off",
    "-inf",
    "off",
    "off",
    "inf",
    "off",
    "-pi",
    "pi",
    "on"
   ],
   "tabs":[
    "Parameter Attributes",
    "-Other"
   ],
   "tabs_idx":[
    0,
    2
   ]
  },
  "viewer":{
   "jshandler":"webview/handlers/ElementHandler"
  },
  "obj_viewer":[
  ],
  "finder":{
   "blocktype":"Integrator",
   "masktype":""
  }
 },
 {
  "sid":"THEOV:340:20",
  "className":"Simulink.Sum",
  "icon":"WebViewIcon3",
  "name":"Sum",
  "label":"Sum",
  "parent":"THEOV:340",
  "inspector":{
   "params":[
    "IconShape",
    "Inputs",
    "InputSameDT",
    "AccumDataTypeStr",
    "OutMin",
    "OutMax",
    "OutDataTypeStr",
    "LockScale",
    "RndMeth",
    "SaturateOnIntegerOverflow",
    "CollapseDim",
    "CollapseMode",
    "SampleTime"
   ],
   "values":[
    "round",
    "+++",
    "on",
    "Inherit: Inherit via internal rule",
    "[]",
    "[]",
    "Inherit: Same as first input",
    "off",
    "Floor",
    "on",
    "1",
    "All dimensions",
    "-1"
   ],
   "tabs":[
    "Main",
    "Signal Attributes",
    "-Other"
   ],
   "tabs_idx":[
    0,
    2,
    10
   ]
  },
  "viewer":{
   "jshandler":"webview/handlers/ElementHandler"
  },
  "obj_viewer":[
  ],
  "finder":{
   "blocktype":"Sum",
   "masktype":""
  }
 },
 {
  "sid":"THEOV:340:19",
  "className":"Simulink.Product",
  "icon":"WebViewIcon3",
  "name":"Product",
  "label":"Product",
  "parent":"THEOV:340",
  "inspector":{
   "params":[
    "OutDataTypeStr",
    "CollapseDim",
    "CollapseMode",
    "InputSameDT",
    "Inputs",
    "LockScale",
    "Multiplication",
    "OutMax",
    "OutMin",
    "RndMeth",
    "SampleTime",
    "SaturateOnIntegerOverflow"
   ],
   "values":[
    "Inherit: Same as first input",
    "1",
    "All dimensions",
    "on",
    "2",
    "off",
    "Element-wise(.*)",
    "[]",
    "[]",
    "Zero",
    "-1",
    "on"
   ],
   "tabs":[
    "Signal Attributes",
    "-Other"
   ],
   "tabs_idx":[
    0,
    1
   ]
  },
  "viewer":{
   "jshandler":"webview/handlers/ElementHandler"
  },
  "obj_viewer":[
  ],
  "finder":{
   "blocktype":"Product",
   "masktype":""
  }
 },
 {
  "sid":"THEOV:340:18",
  "className":"Simulink.Integrator",
  "icon":"WebViewIcon3",
  "name":"Position",
  "label":"Position",
  "parent":"THEOV:340",
  "inspector":{
   "params":[
    "InitialCondition",
    "AbsoluteTolerance",
    "ContinuousStateAttributes",
    "ExternalReset",
    "IgnoreLimit",
    "InitialConditionSource",
    "LimitOutput",
    "LowerSaturationLimit",
    "ShowSaturationPort",
    "ShowStatePort",
    "UpperSaturationLimit",
    "WrapState",
    "WrappedStateLowerValue",
    "WrappedStateUpperValue",
    "ZeroCross"
   ],
   "values":[
    "pos_ini",
    "auto",
    "''",
    "none",
    "off",
    "internal",
    "off",
    "-inf",
    "off",
    "off",
    "inf",
    "off",
    "-pi",
    "pi",
    "on"
   ],
   "tabs":[
    "Parameter Attributes",
    "-Other"
   ],
   "tabs_idx":[
    0,
    2
   ]
  },
  "viewer":{
   "jshandler":"webview/handlers/ElementHandler"
  },
  "obj_viewer":[
  ],
  "finder":{
   "blocktype":"Integrator",
   "masktype":""
  }
 },
 {
  "sid":"THEOV:340:17",
  "className":"Simulink.Mux",
  "icon":"WebViewIcon3",
  "name":"Mux",
  "label":"Mux",
  "parent":"THEOV:340",
  "inspector":{
   "params":[
    "Inputs",
    "DisplayOption"
   ],
   "values":[
    "2",
    "bar"
   ],
   "tabs":[
    "Parameter Attributes"
   ],
   "tabs_idx":0
  },
  "viewer":{
   "jshandler":"webview/handlers/ElementHandler"
  },
  "obj_viewer":[
  ],
  "finder":{
   "blocktype":"Mux",
   "masktype":""
  }
 },
 {
  "sid":"THEOV:340:16",
  "className":"Simulink.Gain",
  "icon":"WebViewIcon3",
  "name":"Matrix Gain",
  "label":"Matrix Gain",
  "parent":"THEOV:340",
  "inspector":{
   "params":[
    "Gain",
    "Multiplication",
    "OutMin",
    "OutMax",
    "OutDataTypeStr",
    "LockScale",
    "RndMeth",
    "SaturateOnIntegerOverflow",
    "ParamMin",
    "ParamMax",
    "ParamDataTypeStr",
    "SampleTime"
   ],
   "values":[
    "[0 -1;1 0]",
    "Matrix(K*u)",
    "[]",
    "[]",
    "Inherit: Same as input",
    "off",
    "Floor",
    "on",
    "[]",
    "[]",
    "Inherit: Same as input",
    "-1"
   ],
   "tabs":[
    "Main",
    "Signal Attributes",
    "Parameter Attributes",
    "-Other"
   ],
   "tabs_idx":[
    0,
    2,
    8,
    11
   ]
  },
  "viewer":{
   "jshandler":"webview/handlers/ElementHandler"
  },
  "obj_viewer":[
  ],
  "finder":{
   "blocktype":"Gain",
   "masktype":""
  }
 },
 {
  "sid":"THEOV:340:8",
  "className":"Simulink.SubSystem",
  "icon":"WebViewIcon2",
  "name":"Gravity",
  "label":"Gravity",
  "parent":"THEOV:340",
  "inspector":{
   "params":[
    "ShowPortLabels",
    "Permissions",
    "ErrorFcn",
    "PermitHierarchicalResolution",
    "TreatAsAtomicUnit",
    "TreatAsGroupedWhenPropagatingVariantConditions",
    "ActiveVariant",
    "ActiveVariantBlock",
    "AllowZeroVariantControls",
    "BlockChoice",
    "FunctionInterfaceSpec",
    "FunctionWithSeparateData",
    "GeneratePreprocessorConditionals",
    "IsSubsystemVirtual",
    "MemberBlocks",
    "MinAlgLoopOccurrences",
    "OverrideUsingVariant",
    "PropExecContextOutsideSubsystem",
    "PropagateVariantConditions",
    "RTWFcnName",
    "RTWFcnNameOpts",
    "RTWFileName",
    "RTWFileNameOpts",
    "RTWMemSecDataConstants",
    "RTWMemSecDataInternal",
    "RTWMemSecDataParameters",
    "RTWMemSecFuncExecute",
    "RTWMemSecFuncInitTerm",
    "RTWSystemCode",
    "SystemSampleTime",
    "TemplateBlock",
    "Variant",
    "VariantControl"
   ],
   "values":[
    "FromPortIcon",
    "ReadWrite",
    "",
    "All",
    "off",
    "on",
    "",
    "",
    "off",
    "",
    "void_void",
    "off",
    "off",
    "on",
    "",
    "off",
    "",
    "off",
    "off",
    "",
    "Auto",
    "",
    "Auto",
    "Inherit from model",
    "Inherit from model",
    "Inherit from model",
    "Inherit from model",
    "Inherit from model",
    "Auto",
    "-1",
    "",
    "off",
    ""
   ],
   "tabs":[
    "Main",
    "-Other"
   ],
   "tabs_idx":[
    0,
    6
   ]
  },
  "viewer":{
   "jshandler":"webview/handlers/ContainerHandler"
  },
  "obj_viewer":[
  ],
  "finder":{
   "blocktype":"SubSystem",
   "masktype":""
  }
 },
 {
  "sid":"THEOV:340:7",
  "className":"Simulink.Gain",
  "icon":"WebViewIcon3",
  "name":"1/mass",
  "label":"1/mass",
  "parent":"THEOV:340",
  "inspector":{
   "params":[
    "Gain",
    "Multiplication",
    "OutMin",
    "OutMax",
    "OutDataTypeStr",
    "LockScale",
    "RndMeth",
    "SaturateOnIntegerOverflow",
    "ParamMin",
    "ParamMax",
    "ParamDataTypeStr",
    "SampleTime"
   ],
   "values":[
    "1/mass",
    "Element-wise(K.*u)",
    "[]",
    "[]",
    "Inherit: Same as input",
    "off",
    "Floor",
    "on",
    "[]",
    "[]",
    "Inherit: Same as input",
    "-1"
   ],
   "tabs":[
    "Main",
    "Signal Attributes",
    "Parameter Attributes",
    "-Other"
   ],
   "tabs_idx":[
    0,
    2,
    8,
    11
   ]
  },
  "viewer":{
   "jshandler":"webview/handlers/ElementHandler"
  },
  "obj_viewer":[
  ],
  "finder":{
   "blocktype":"Gain",
   "masktype":""
  }
 },
 {
  "sid":"THEOV:340:6",
  "className":"Simulink.Gain",
  "icon":"WebViewIcon3",
  "name":"1/Iyy",
  "label":"1/Iyy",
  "parent":"THEOV:340",
  "inspector":{
   "params":[
    "Gain",
    "Multiplication",
    "OutMin",
    "OutMax",
    "OutDataTypeStr",
    "LockScale",
    "RndMeth",
    "SaturateOnIntegerOverflow",
    "ParamMin",
    "ParamMax",
    "ParamDataTypeStr",
    "SampleTime"
   ],
   "values":[
    "1/Iyy",
    "Element-wise(K.*u)",
    "[]",
    "[]",
    "Inherit: Same as input",
    "off",
    "Floor",
    "on",
    "[]",
    "[]",
    "Inherit: Same as input",
    "-1"
   ],
   "tabs":[
    "Main",
    "Signal Attributes",
    "Parameter Attributes",
    "-Other"
   ],
   "tabs_idx":[
    0,
    2,
    8,
    11
   ]
  },
  "viewer":{
   "jshandler":"webview/handlers/ElementHandler"
  },
  "obj_viewer":[
  ],
  "finder":{
   "blocktype":"Gain",
   "masktype":""
  }
 },
 {
  "sid":"THEOV:340:5",
  "className":"Simulink.Inport",
  "icon":"WebViewIcon3",
  "name":"M",
  "label":"M",
  "parent":"THEOV:340",
  "inspector":{
   "params":[
    "OutDataTypeStr",
    "Unit",
    "BusOutputAsStruct",
    "IconDisplay",
    "InputConnect",
    "Interpolate",
    "LatchByDelayingOutsideSignal",
    "LatchInputForFeedbackSignals",
    "LockScale",
    "OutMax",
    "OutMin",
    "OutputFunctionCall",
    "Port",
    "PortDimensions",
    "SampleTime",
    "SignalType",
    "VarSizeSig"
   ],
   "values":[
    "Inherit: auto",
    "inherit",
    "off",
    "Port number",
    "",
    "on",
    "off",
    "off",
    "off",
    "[]",
    "[]",
    "off",
    "3",
    "-1",
    "-1",
    "auto",
    "Inherit"
   ],
   "tabs":[
    "Signal Attributes",
    "-Other"
   ],
   "tabs_idx":[
    0,
    2
   ]
  },
  "viewer":{
   "jshandler":"webview/handlers/ElementHandler"
  },
  "obj_viewer":[
  ],
  "finder":{
   "blocktype":"Inport",
   "masktype":""
  }
 },
 {
  "sid":"THEOV:340:4",
  "className":"Simulink.Inport",
  "icon":"WebViewIcon3",
  "name":"Fz",
  "label":"Fz",
  "parent":"THEOV:340",
  "inspector":{
   "params":[
    "OutDataTypeStr",
    "Unit",
    "BusOutputAsStruct",
    "IconDisplay",
    "InputConnect",
    "Interpolate",
    "LatchByDelayingOutsideSignal",
    "LatchInputForFeedbackSignals",
    "LockScale",
    "OutMax",
    "OutMin",
    "OutputFunctionCall",
    "Port",
    "PortDimensions",
    "SampleTime",
    "SignalType",
    "VarSizeSig"
   ],
   "values":[
    "Inherit: auto",
    "inherit",
    "off",
    "Port number",
    "",
    "on",
    "off",
    "off",
    "off",
    "[]",
    "[]",
    "off",
    "2",
    "-1",
    "-1",
    "auto",
    "Inherit"
   ],
   "tabs":[
    "Signal Attributes",
    "-Other"
   ],
   "tabs_idx":[
    0,
    2
   ]
  },
  "viewer":{
   "jshandler":"webview/handlers/ElementHandler"
  },
  "obj_viewer":[
  ],
  "finder":{
   "blocktype":"Inport",
   "masktype":""
  }
 },
 {
  "sid":"THEOV:340:3",
  "className":"Simulink.Inport",
  "icon":"WebViewIcon3",
  "name":"Fx",
  "label":"Fx",
  "parent":"THEOV:340",
  "inspector":{
   "params":[
    "OutDataTypeStr",
    "Unit",
    "BusOutputAsStruct",
    "IconDisplay",
    "InputConnect",
    "Interpolate",
    "LatchByDelayingOutsideSignal",
    "LatchInputForFeedbackSignals",
    "LockScale",
    "OutMax",
    "OutMin",
    "OutputFunctionCall",
    "Port",
    "PortDimensions",
    "SampleTime",
    "SignalType",
    "VarSizeSig"
   ],
   "values":[
    "Inherit: auto",
    "inherit",
    "off",
    "Port number",
    "",
    "on",
    "off",
    "off",
    "off",
    "[]",
    "[]",
    "off",
    "1",
    "-1",
    "-1",
    "auto",
    "Inherit"
   ],
   "tabs":[
    "Signal Attributes",
    "-Other"
   ],
   "tabs_idx":[
    0,
    2
   ]
  },
  "viewer":{
   "jshandler":"webview/handlers/ElementHandler"
  },
  "obj_viewer":[
  ],
  "finder":{
   "blocktype":"Inport",
   "masktype":""
  }
 },
 {
  "sid":"THEOV:340:8#out:1",
  "className":"Simulink.Line",
  "icon":"WebViewIcon5",
  "name":"",
  "label":"",
  "parent":"THEOV:340",
  "inspector":{
   "params":[
    "SignalNameFromLabel",
    "MustResolveToSignal",
    "ShowPropagatedSignal",
    "DataLogging",
    "TestPoint",
    "SignalObjectPackage",
    "StorageClass",
    "Description",
    "documentLink"
   ],
   "values":[
    "",
    "off",
    "off",
    "off",
    "off",
    "Simulink",
    "Auto",
    "",
    ""
   ],
   "tabs":[
    "Parameter Attributes",
    "Logging and Accessibility",
    "Code Generation",
    "Documentation"
   ],
   "tabs_idx":[
    0,
    3,
    5,
    7
   ]
  },
  "viewer":{
   "jshandler":"webview/handlers/ElementHandler"
  },
  "obj_viewer":[
  ],
  "finder":[
  ]
 },
 {
  "sid":"THEOV:340:7#out:1",
  "className":"Simulink.Line",
  "icon":"WebViewIcon5",
  "name":"",
  "label":"",
  "parent":"THEOV:340",
  "inspector":{
   "params":[
    "SignalNameFromLabel",
    "MustResolveToSignal",
    "ShowPropagatedSignal",
    "DataLogging",
    "TestPoint",
    "SignalObjectPackage",
    "StorageClass",
    "Description",
    "documentLink"
   ],
   "values":[
    "",
    "off",
    "off",
    "off",
    "off",
    "Simulink",
    "Auto",
    "",
    ""
   ],
   "tabs":[
    "Parameter Attributes",
    "Logging and Accessibility",
    "Code Generation",
    "Documentation"
   ],
   "tabs_idx":[
    0,
    3,
    5,
    7
   ]
  },
  "viewer":{
   "jshandler":"webview/handlers/ElementHandler"
  },
  "obj_viewer":[
  ],
  "finder":[
  ]
 },
 {
  "sid":"THEOV:340:19#out:1",
  "className":"Simulink.Line",
  "icon":"WebViewIcon5",
  "name":"",
  "label":"",
  "parent":"THEOV:340",
  "inspector":{
   "params":[
    "SignalNameFromLabel",
    "MustResolveToSignal",
    "ShowPropagatedSignal",
    "DataLogging",
    "TestPoint",
    "SignalObjectPackage",
    "StorageClass",
    "Description",
    "documentLink"
   ],
   "values":[
    "",
    "off",
    "off",
    "off",
    "off",
    "Simulink",
    "Auto",
    "",
    ""
   ],
   "tabs":[
    "Parameter Attributes",
    "Logging and Accessibility",
    "Code Generation",
    "Documentation"
   ],
   "tabs_idx":[
    0,
    3,
    5,
    7
   ]
  },
  "viewer":{
   "jshandler":"webview/handlers/ElementHandler"
  },
  "obj_viewer":[
  ],
  "finder":[
  ]
 },
 {
  "sid":"THEOV:340:17#out:1",
  "className":"Simulink.Line",
  "icon":"WebViewIcon5",
  "name":"",
  "label":"",
  "parent":"THEOV:340",
  "inspector":{
   "params":[
    "SignalNameFromLabel",
    "MustResolveToSignal",
    "ShowPropagatedSignal",
    "DataLogging",
    "TestPoint",
    "SignalObjectPackage",
    "StorageClass",
    "Description",
    "documentLink"
   ],
   "values":[
    "",
    "off",
    "off",
    "off",
    "off",
    "Simulink",
    "Auto",
    "",
    ""
   ],
   "tabs":[
    "Parameter Attributes",
    "Logging and Accessibility",
    "Code Generation",
    "Documentation"
   ],
   "tabs_idx":[
    0,
    3,
    5,
    7
   ]
  },
  "viewer":{
   "jshandler":"webview/handlers/ElementHandler"
  },
  "obj_viewer":[
  ],
  "finder":[
  ]
 },
 {
  "sid":"THEOV:340:4#out:1",
  "className":"Simulink.Line",
  "icon":"WebViewIcon5",
  "name":"",
  "label":"",
  "parent":"THEOV:340",
  "inspector":{
   "params":[
    "SignalNameFromLabel",
    "MustResolveToSignal",
    "ShowPropagatedSignal",
    "DataLogging",
    "TestPoint",
    "SignalObjectPackage",
    "StorageClass",
    "Description",
    "documentLink"
   ],
   "values":[
    "",
    "off",
    "off",
    "off",
    "off",
    "Simulink",
    "Auto",
    "",
    ""
   ],
   "tabs":[
    "Parameter Attributes",
    "Logging and Accessibility",
    "Code Generation",
    "Documentation"
   ],
   "tabs_idx":[
    0,
    3,
    5,
    7
   ]
  },
  "viewer":{
   "jshandler":"webview/handlers/ElementHandler"
  },
  "obj_viewer":[
  ],
  "finder":[
  ]
 },
 {
  "sid":"THEOV:340:3#out:1",
  "className":"Simulink.Line",
  "icon":"WebViewIcon5",
  "name":"",
  "label":"",
  "parent":"THEOV:340",
  "inspector":{
   "params":[
    "SignalNameFromLabel",
    "MustResolveToSignal",
    "ShowPropagatedSignal",
    "DataLogging",
    "TestPoint",
    "SignalObjectPackage",
    "StorageClass",
    "Description",
    "documentLink"
   ],
   "values":[
    "",
    "off",
    "off",
    "off",
    "off",
    "Simulink",
    "Auto",
    "",
    ""
   ],
   "tabs":[
    "Parameter Attributes",
    "Logging and Accessibility",
    "Code Generation",
    "Documentation"
   ],
   "tabs_idx":[
    0,
    3,
    5,
    7
   ]
  },
  "viewer":{
   "jshandler":"webview/handlers/ElementHandler"
  },
  "obj_viewer":[
  ],
  "finder":[
  ]
 },
 {
  "sid":"THEOV:340:22#out:1",
  "className":"Simulink.Line",
  "icon":"WebViewIcon5",
  "name":"",
  "label":"",
  "parent":"THEOV:340",
  "inspector":{
   "params":[
    "SignalNameFromLabel",
    "MustResolveToSignal",
    "ShowPropagatedSignal",
    "DataLogging",
    "TestPoint",
    "SignalObjectPackage",
    "StorageClass",
    "Description",
    "documentLink"
   ],
   "values":[
    "",
    "off",
    "off",
    "off",
    "off",
    "Simulink",
    "Auto",
    "",
    ""
   ],
   "tabs":[
    "Parameter Attributes",
    "Logging and Accessibility",
    "Code Generation",
    "Documentation"
   ],
   "tabs_idx":[
    0,
    3,
    5,
    7
   ]
  },
  "viewer":{
   "jshandler":"webview/handlers/ElementHandler"
  },
  "obj_viewer":[
  ],
  "finder":[
  ]
 },
 {
  "sid":"THEOV:340:16#out:1",
  "className":"Simulink.Line",
  "icon":"WebViewIcon5",
  "name":"",
  "label":"",
  "parent":"THEOV:340",
  "inspector":{
   "params":[
    "SignalNameFromLabel",
    "MustResolveToSignal",
    "ShowPropagatedSignal",
    "DataLogging",
    "TestPoint",
    "SignalObjectPackage",
    "StorageClass",
    "Description",
    "documentLink"
   ],
   "values":[
    "",
    "off",
    "off",
    "off",
    "off",
    "Simulink",
    "Auto",
    "",
    ""
   ],
   "tabs":[
    "Parameter Attributes",
    "Logging and Accessibility",
    "Code Generation",
    "Documentation"
   ],
   "tabs_idx":[
    0,
    3,
    5,
    7
   ]
  },
  "viewer":{
   "jshandler":"webview/handlers/ElementHandler"
  },
  "obj_viewer":[
  ],
  "finder":[
  ]
 },
 {
  "sid":"THEOV:340:18#out:1",
  "className":"Simulink.Line",
  "icon":"WebViewIcon5",
  "name":"",
  "label":"",
  "parent":"THEOV:340",
  "inspector":{
   "params":[
    "SignalNameFromLabel",
    "MustResolveToSignal",
    "ShowPropagatedSignal",
    "DataLogging",
    "TestPoint",
    "SignalObjectPackage",
    "StorageClass",
    "Description",
    "documentLink"
   ],
   "values":[
    "",
    "off",
    "off",
    "off",
    "off",
    "Simulink",
    "Auto",
    "",
    ""
   ],
   "tabs":[
    "Parameter Attributes",
    "Logging and Accessibility",
    "Code Generation",
    "Documentation"
   ],
   "tabs_idx":[
    0,
    3,
    5,
    7
   ]
  },
  "viewer":{
   "jshandler":"webview/handlers/ElementHandler"
  },
  "obj_viewer":[
  ],
  "finder":[
  ]
 },
 {
  "sid":"THEOV:340:34#out:1",
  "className":"Simulink.Line",
  "icon":"WebViewIcon5",
  "name":"",
  "label":"",
  "parent":"THEOV:340",
  "inspector":{
   "params":[
    "SignalNameFromLabel",
    "MustResolveToSignal",
    "ShowPropagatedSignal",
    "DataLogging",
    "TestPoint",
    "SignalObjectPackage",
    "StorageClass",
    "Description",
    "documentLink"
   ],
   "values":[
    "",
    "off",
    "off",
    "off",
    "off",
    "Simulink",
    "Auto",
    "",
    ""
   ],
   "tabs":[
    "Parameter Attributes",
    "Logging and Accessibility",
    "Code Generation",
    "Documentation"
   ],
   "tabs_idx":[
    0,
    3,
    5,
    7
   ]
  },
  "viewer":{
   "jshandler":"webview/handlers/ElementHandler"
  },
  "obj_viewer":[
  ],
  "finder":[
  ]
 },
 {
  "sid":"THEOV:340:21#out:1",
  "className":"Simulink.Line",
  "icon":"WebViewIcon5",
  "name":"",
  "label":"",
  "parent":"THEOV:340",
  "inspector":{
   "params":[
    "SignalNameFromLabel",
    "MustResolveToSignal",
    "ShowPropagatedSignal",
    "DataLogging",
    "TestPoint",
    "SignalObjectPackage",
    "StorageClass",
    "Description",
    "documentLink"
   ],
   "values":[
    "",
    "off",
    "off",
    "off",
    "off",
    "Simulink",
    "Auto",
    "",
    ""
   ],
   "tabs":[
    "Parameter Attributes",
    "Logging and Accessibility",
    "Code Generation",
    "Documentation"
   ],
   "tabs_idx":[
    0,
    3,
    5,
    7
   ]
  },
  "viewer":{
   "jshandler":"webview/handlers/ElementHandler"
  },
  "obj_viewer":[
  ],
  "finder":[
  ]
 },
 {
  "sid":"THEOV:340:6#out:1",
  "className":"Simulink.Line",
  "icon":"WebViewIcon5",
  "name":"",
  "label":"",
  "parent":"THEOV:340",
  "inspector":{
   "params":[
    "SignalNameFromLabel",
    "MustResolveToSignal",
    "ShowPropagatedSignal",
    "DataLogging",
    "TestPoint",
    "SignalObjectPackage",
    "StorageClass",
    "Description",
    "documentLink"
   ],
   "values":[
    "",
    "off",
    "off",
    "off",
    "off",
    "Simulink",
    "Auto",
    "",
    ""
   ],
   "tabs":[
    "Parameter Attributes",
    "Logging and Accessibility",
    "Code Generation",
    "Documentation"
   ],
   "tabs_idx":[
    0,
    3,
    5,
    7
   ]
  },
  "viewer":{
   "jshandler":"webview/handlers/ElementHandler"
  },
  "obj_viewer":[
  ],
  "finder":[
  ]
 },
 {
  "sid":"THEOV:340:5#out:1",
  "className":"Simulink.Line",
  "icon":"WebViewIcon5",
  "name":"",
  "label":"",
  "parent":"THEOV:340",
  "inspector":{
   "params":[
    "SignalNameFromLabel",
    "MustResolveToSignal",
    "ShowPropagatedSignal",
    "DataLogging",
    "TestPoint",
    "SignalObjectPackage",
    "StorageClass",
    "Description",
    "documentLink"
   ],
   "values":[
    "",
    "off",
    "off",
    "off",
    "off",
    "Simulink",
    "Auto",
    "",
    ""
   ],
   "tabs":[
    "Parameter Attributes",
    "Logging and Accessibility",
    "Code Generation",
    "Documentation"
   ],
   "tabs_idx":[
    0,
    3,
    5,
    7
   ]
  },
  "viewer":{
   "jshandler":"webview/handlers/ElementHandler"
  },
  "obj_viewer":[
  ],
  "finder":[
  ]
 },
 {
  "sid":"THEOV:340:35#out:1",
  "className":"Simulink.Line",
  "icon":"WebViewIcon5",
  "name":"",
  "label":"",
  "parent":"THEOV:340",
  "inspector":{
   "params":[
    "SignalNameFromLabel",
    "MustResolveToSignal",
    "ShowPropagatedSignal",
    "DataLogging",
    "TestPoint",
    "SignalObjectPackage",
    "StorageClass",
    "Description",
    "documentLink"
   ],
   "values":[
    "",
    "off",
    "off",
    "off",
    "off",
    "Simulink",
    "Auto",
    "",
    ""
   ],
   "tabs":[
    "Parameter Attributes",
    "Logging and Accessibility",
    "Code Generation",
    "Documentation"
   ],
   "tabs_idx":[
    0,
    3,
    5,
    7
   ]
  },
  "viewer":{
   "jshandler":"webview/handlers/ElementHandler"
  },
  "obj_viewer":[
  ],
  "finder":[
  ]
 },
 {
  "sid":"THEOV:340:20#out:1",
  "className":"Simulink.Line",
  "icon":"WebViewIcon5",
  "name":"",
  "label":"",
  "parent":"THEOV:340",
  "inspector":{
   "params":[
    "SignalNameFromLabel",
    "MustResolveToSignal",
    "ShowPropagatedSignal",
    "DataLogging",
    "TestPoint",
    "SignalObjectPackage",
    "StorageClass",
    "Description",
    "documentLink"
   ],
   "values":[
    "",
    "off",
    "off",
    "off",
    "off",
    "Simulink",
    "Auto",
    "",
    ""
   ],
   "tabs":[
    "Parameter Attributes",
    "Logging and Accessibility",
    "Code Generation",
    "Documentation"
   ],
   "tabs_idx":[
    0,
    3,
    5,
    7
   ]
  },
  "viewer":{
   "jshandler":"webview/handlers/ElementHandler"
  },
  "obj_viewer":[
  ],
  "finder":[
  ]
 }
]