[
 {
  "sid":"THEOV:143",
  "className":"Simulink.Outport",
  "icon":"WebViewIcon3",
  "name":"Miss ",
  "label":"Miss ",
  "parent":"THEOV:129",
  "inspector":{
   "params":[
    "Port",
    "IconDisplay",
    "OutMin",
    "OutMax",
    "OutDataTypeStr",
    "LockScale",
    "Unit",
    "PortDimensions",
    "VarSizeSig",
    "SampleTime",
    "SignalType",
    "BusOutputAsStruct",
    "EnsureOutportIsVirtual",
    "InitialOutput",
    "MustResolveToSignalObject",
    "OutputWhenDisabled",
    "OutputWhenUnConnected",
    "OutputWhenUnconnectedValue",
    "SignalName",
    "SignalObject",
    "SourceOfInitialOutputValue",
    "StorageClass",
    "VectorParamsAs1DForOutWhenUnconnected"
   ],
   "values":[
    "1",
    "Port number",
    "[]",
    "[]",
    "Inherit: auto",
    "off",
    "inherit",
    "-1",
    "Inherit",
    "-1",
    "auto",
    "off",
    "off",
    "[]",
    "off",
    "held",
    "off",
    "0",
    "",
    [
    ],
    "Dialog",
    "Auto",
    "off"
   ],
   "tabs":[
    "Main",
    "Signal Attributes",
    "-Other"
   ],
   "tabs_idx":[
    0,
    2,
    11
   ]
  },
  "viewer":{
   "jshandler":"webview/handlers/ElementHandler"
  },
  "obj_viewer":[
  ],
  "finder":{
   "blocktype":"Outport",
   "masktype":""
  }
 },
 {
  "sid":"THEOV:142",
  "className":"Simulink.Stop",
  "icon":"WebViewIcon3",
  "name":"Stop Simulation",
  "label":"Stop Simulation",
  "parent":"THEOV:129",
  "inspector":{
   "params":[
   ],
   "values":[
   ],
   "tabs":[
   ],
   "tabs_idx":[
   ]
  },
  "viewer":{
   "jshandler":"webview/handlers/ElementHandler"
  },
  "obj_viewer":[
  ],
  "finder":{
   "blocktype":"Stop",
   "masktype":""
  }
 },
 {
  "sid":"THEOV:138",
  "className":"Simulink.SubSystem",
  "icon":"WebViewIcon2",
  "name":"Miss distance",
  "label":"Miss distance",
  "parent":"THEOV:129",
  "inspector":{
   "params":[
    "ShowPortLabels",
    "Permissions",
    "ErrorFcn",
    "PermitHierarchicalResolution",
    "TreatAsAtomicUnit",
    "TreatAsGroupedWhenPropagatingVariantConditions",
    "ActiveVariant",
    "ActiveVariantBlock",
    "AllowZeroVariantControls",
    "BlockChoice",
    "FunctionInterfaceSpec",
    "FunctionWithSeparateData",
    "GeneratePreprocessorConditionals",
    "IsSubsystemVirtual",
    "MemberBlocks",
    "MinAlgLoopOccurrences",
    "OverrideUsingVariant",
    "PropExecContextOutsideSubsystem",
    "PropagateVariantConditions",
    "RTWFcnName",
    "RTWFcnNameOpts",
    "RTWFileName",
    "RTWFileNameOpts",
    "RTWMemSecDataConstants",
    "RTWMemSecDataInternal",
    "RTWMemSecDataParameters",
    "RTWMemSecFuncExecute",
    "RTWMemSecFuncInitTerm",
    "RTWSystemCode",
    "SystemSampleTime",
    "TemplateBlock",
    "Variant",
    "VariantControl"
   ],
   "values":[
    "none",
    "ReadWrite",
    "",
    "All",
    "on",
    "on",
    "",
    "",
    "off",
    "",
    "void_void",
    "off",
    "off",
    "off",
    "",
    "off",
    "",
    "off",
    "off",
    "",
    "Auto",
    "",
    "Auto",
    "Inherit from model",
    "Inherit from model",
    "Inherit from model",
    "Inherit from model",
    "Inherit from model",
    "Auto",
    "-1",
    "",
    "off",
    ""
   ],
   "tabs":[
    "Main",
    "-Other"
   ],
   "tabs_idx":[
    0,
    6
   ]
  },
  "viewer":{
   "jshandler":"webview/handlers/ContainerHandler"
  },
  "obj_viewer":[
  ],
  "finder":{
   "blocktype":"SubSystem",
   "masktype":""
  }
 },
 {
  "sid":"THEOV:137",
  "className":"Simulink.Memory",
  "icon":"WebViewIcon3",
  "name":"Memory",
  "label":"Memory",
  "parent":"THEOV:129",
  "inspector":{
   "params":[
    "InitialCondition",
    "InheritSampleTime",
    "LinearizeMemory",
    "LinearizeAsDelay",
    "StateName",
    "RTWStateStorageTypeQualifier",
    "StateMustResolveToSignalObject",
    "StateSignalObject",
    "StateStorageClass"
   ],
   "values":[
    "0",
    "off",
    "off",
    "off",
    "",
    "",
    "off",
    [
    ],
    "Auto"
   ],
   "tabs":[
    "Main",
    "State Attributes",
    "-Other"
   ],
   "tabs_idx":[
    0,
    4,
    5
   ]
  },
  "viewer":{
   "jshandler":"webview/handlers/ElementHandler"
  },
  "obj_viewer":[
  ],
  "finder":{
   "blocktype":"Memory",
   "masktype":""
  }
 },
 {
  "sid":"THEOV:136",
  "className":"Simulink.Logic",
  "icon":"WebViewIcon3",
  "name":"Logical Operator",
  "label":"Logical Operator",
  "parent":"THEOV:129",
  "inspector":{
   "params":[
    "OutDataTypeStr",
    "AllPortsSameDT",
    "IconShape",
    "Inputs",
    "Operator",
    "SampleTime"
   ],
   "values":[
    "boolean",
    "on",
    "distinctive",
    "2",
    "OR",
    "-1"
   ],
   "tabs":[
    "Data Type",
    "-Other"
   ],
   "tabs_idx":[
    0,
    1
   ]
  },
  "viewer":{
   "jshandler":"webview/handlers/ElementHandler"
  },
  "obj_viewer":[
  ],
  "finder":{
   "blocktype":"Logic",
   "masktype":""
  }
 },
 {
  "sid":"THEOV:134",
  "className":"Simulink.Derivative",
  "icon":"WebViewIcon3",
  "name":"Derivative",
  "label":"Derivative",
  "parent":"THEOV:129",
  "inspector":{
   "params":[
    "CoefficientInTFapproximation"
   ],
   "values":[
    "inf"
   ],
   "tabs":[
    "Parameter Attributes"
   ],
   "tabs_idx":0
  },
  "viewer":{
   "jshandler":"webview/handlers/ElementHandler"
  },
  "obj_viewer":[
  ],
  "finder":{
   "blocktype":"Derivative",
   "masktype":""
  }
 },
 {
  "sid":"THEOV:132",
  "className":"Simulink.EnablePort",
  "icon":"WebViewIcon3",
  "name":"Enable",
  "label":"Enable",
  "parent":"THEOV:129",
  "inspector":{
   "params":[
    "OutDataTypeStr",
    "Interpolate",
    "OutMax",
    "OutMin",
    "PortDimensions",
    "PropagateVarSize",
    "SampleTime",
    "ShowOutputPort",
    "StatesWhenEnabling",
    "ZeroCross"
   ],
   "values":[
    "double",
    "on",
    "[]",
    "[]",
    "1",
    "Only when enabling",
    "-1",
    "off",
    "held",
    "on"
   ],
   "tabs":[
    "Signal Attributes",
    "-Other"
   ],
   "tabs_idx":[
    0,
    1
   ]
  },
  "viewer":{
   "jshandler":"webview/handlers/ElementHandler"
  },
  "obj_viewer":[
  ],
  "finder":{
   "blocktype":"EnablePort",
   "masktype":""
  }
 },
 {
  "sid":"THEOV:131",
  "className":"Simulink.Inport",
  "icon":"WebViewIcon3",
  "name":"Detonate",
  "label":"Detonate",
  "parent":"THEOV:129",
  "inspector":{
   "params":[
    "OutDataTypeStr",
    "Unit",
    "BusOutputAsStruct",
    "IconDisplay",
    "InputConnect",
    "Interpolate",
    "LatchByDelayingOutsideSignal",
    "LatchInputForFeedbackSignals",
    "LockScale",
    "OutMax",
    "OutMin",
    "OutputFunctionCall",
    "Port",
    "PortDimensions",
    "SampleTime",
    "SignalType",
    "VarSizeSig"
   ],
   "values":[
    "Inherit: auto",
    "inherit",
    "off",
    "Port number",
    "",
    "on",
    "off",
    "off",
    "off",
    "[]",
    "[]",
    "off",
    "2",
    "-1",
    "-1",
    "auto",
    "Inherit"
   ],
   "tabs":[
    "Signal Attributes",
    "-Other"
   ],
   "tabs_idx":[
    0,
    2
   ]
  },
  "viewer":{
   "jshandler":"webview/handlers/ElementHandler"
  },
  "obj_viewer":[
  ],
  "finder":{
   "blocktype":"Inport",
   "masktype":""
  }
 },
 {
  "sid":"THEOV:130",
  "className":"Simulink.Inport",
  "icon":"WebViewIcon3",
  "name":"Rm",
  "label":"Rm",
  "parent":"THEOV:129",
  "inspector":{
   "params":[
    "OutDataTypeStr",
    "Unit",
    "BusOutputAsStruct",
    "IconDisplay",
    "InputConnect",
    "Interpolate",
    "LatchByDelayingOutsideSignal",
    "LatchInputForFeedbackSignals",
    "LockScale",
    "OutMax",
    "OutMin",
    "OutputFunctionCall",
    "Port",
    "PortDimensions",
    "SampleTime",
    "SignalType",
    "VarSizeSig"
   ],
   "values":[
    "Inherit: auto",
    "inherit",
    "off",
    "Port number",
    "",
    "on",
    "off",
    "off",
    "off",
    "[]",
    "[]",
    "off",
    "1",
    "-1",
    "-1",
    "auto",
    "Inherit"
   ],
   "tabs":[
    "Signal Attributes",
    "-Other"
   ],
   "tabs_idx":[
    0,
    2
   ]
  },
  "viewer":{
   "jshandler":"webview/handlers/ElementHandler"
  },
  "obj_viewer":[
  ],
  "finder":{
   "blocktype":"Inport",
   "masktype":""
  }
 },
 {
  "sid":"THEOV:258",
  "className":"Compare To Zero",
  "icon":"WebViewIcon3",
  "name":"Closest Approach",
  "label":"Closest Approach",
  "parent":"THEOV:129",
  "inspector":{
   "params":[
    "relop",
    "OutDataTypeStr",
    "ZeroCross"
   ],
   "values":[
    ">=",
    "boolean",
    "on"
   ],
   "tabs":[
   ],
   "tabs_idx":[
   ]
  },
  "viewer":{
   "jshandler":"webview/handlers/ContainerHandler"
  },
  "obj_viewer":[
  ],
  "finder":{
   "blocktype":"SubSystem",
   "masktype":"Compare To Zero"
  }
 },
 {
  "sid":"THEOV:259",
  "className":"Simulink.HitCross",
  "icon":"WebViewIcon3",
  "name":"Hit  Crossing",
  "label":"Hit  Crossing",
  "parent":"THEOV:129",
  "inspector":{
   "params":[
    "HitCrossingOffset",
    "HitCrossingDirection",
    "ShowOutputPort",
    "HitCrossingOutputType",
    "ZeroCross",
    "SampleTime"
   ],
   "values":[
    "0",
    "rising",
    "on",
    "Signal",
    "on",
    "-1"
   ],
   "tabs":[
    "Parameter Attributes",
    "-Other"
   ],
   "tabs_idx":[
    0,
    5
   ]
  },
  "viewer":{
   "jshandler":"webview/handlers/ElementHandler"
  },
  "obj_viewer":[
  ],
  "finder":{
   "blocktype":"HitCross",
   "masktype":""
  }
 },
 {
  "sid":"THEOV:260",
  "className":"Simulink.DataTypeConversion",
  "icon":"WebViewIcon3",
  "name":"Data Type Conversion",
  "label":"Data Type Conversion",
  "parent":"THEOV:129",
  "inspector":{
   "params":[
    "OutMin",
    "OutMax",
    "OutDataTypeStr",
    "LockScale",
    "ConvertRealWorld",
    "RndMeth",
    "SaturateOnIntegerOverflow",
    "SampleTime"
   ],
   "values":[
    "[]",
    "[]",
    "double",
    "off",
    "Real World Value (RWV)",
    "Floor",
    "off",
    "-1"
   ],
   "tabs":[
    "Parameter Attributes",
    "-Other"
   ],
   "tabs_idx":[
    0,
    7
   ]
  },
  "viewer":{
   "jshandler":"webview/handlers/ElementHandler"
  },
  "obj_viewer":[
  ],
  "finder":{
   "blocktype":"DataTypeConversion",
   "masktype":""
  }
 },
 {
  "sid":"THEOV:333",
  "className":"Simulink.DataTypeConversion",
  "icon":"WebViewIcon3",
  "name":"Data Type Conversion1",
  "label":"Data Type Conversion1",
  "parent":"THEOV:129",
  "inspector":{
   "params":[
    "OutMin",
    "OutMax",
    "OutDataTypeStr",
    "LockScale",
    "ConvertRealWorld",
    "RndMeth",
    "SaturateOnIntegerOverflow",
    "SampleTime"
   ],
   "values":[
    "[]",
    "[]",
    "Inherit: Inherit via back propagation",
    "off",
    "Real World Value (RWV)",
    "Floor",
    "off",
    "-1"
   ],
   "tabs":[
    "Parameter Attributes",
    "-Other"
   ],
   "tabs_idx":[
    0,
    7
   ]
  },
  "viewer":{
   "jshandler":"webview/handlers/ElementHandler"
  },
  "obj_viewer":[
  ],
  "finder":{
   "blocktype":"DataTypeConversion",
   "masktype":""
  }
 },
 {
  "sid":"THEOV:335",
  "className":"Simulink.Outport",
  "icon":"WebViewIcon3",
  "name":"Miss 1",
  "label":"Miss 1",
  "parent":"THEOV:129",
  "inspector":{
   "params":[
    "Port",
    "IconDisplay",
    "OutMin",
    "OutMax",
    "OutDataTypeStr",
    "LockScale",
    "Unit",
    "PortDimensions",
    "VarSizeSig",
    "SampleTime",
    "SignalType",
    "BusOutputAsStruct",
    "EnsureOutportIsVirtual",
    "InitialOutput",
    "MustResolveToSignalObject",
    "OutputWhenDisabled",
    "OutputWhenUnConnected",
    "OutputWhenUnconnectedValue",
    "SignalName",
    "SignalObject",
    "SourceOfInitialOutputValue",
    "StorageClass",
    "VectorParamsAs1DForOutWhenUnconnected"
   ],
   "values":[
    "2",
    "Port number",
    "[]",
    "[]",
    "Inherit: auto",
    "off",
    "inherit",
    "-1",
    "Inherit",
    "-1",
    "auto",
    "off",
    "off",
    "[]",
    "off",
    "held",
    "off",
    "0",
    "",
    [
    ],
    "Dialog",
    "Auto",
    "off"
   ],
   "tabs":[
    "Main",
    "Signal Attributes",
    "-Other"
   ],
   "tabs_idx":[
    0,
    2,
    11
   ]
  },
  "viewer":{
   "jshandler":"webview/handlers/ElementHandler"
  },
  "obj_viewer":[
  ],
  "finder":{
   "blocktype":"Outport",
   "masktype":""
  }
 },
 {
  "sid":"THEOV:134#out:1",
  "className":"Simulink.Line",
  "icon":"WebViewIcon5",
  "name":"",
  "label":"",
  "parent":"THEOV:129",
  "inspector":{
   "params":[
    "SignalNameFromLabel",
    "MustResolveToSignal",
    "ShowPropagatedSignal",
    "DataLogging",
    "TestPoint",
    "SignalObjectPackage",
    "StorageClass",
    "Description",
    "documentLink"
   ],
   "values":[
    "",
    "off",
    "off",
    "off",
    "off",
    "Simulink",
    "Auto",
    "",
    ""
   ],
   "tabs":[
    "Parameter Attributes",
    "Logging and Accessibility",
    "Code Generation",
    "Documentation"
   ],
   "tabs_idx":[
    0,
    3,
    5,
    7
   ]
  },
  "viewer":{
   "jshandler":"webview/handlers/ElementHandler"
  },
  "obj_viewer":[
  ],
  "finder":[
  ]
 },
 {
  "sid":"THEOV:131#out:1",
  "className":"Simulink.Line",
  "icon":"WebViewIcon5",
  "name":"",
  "label":"",
  "parent":"THEOV:129",
  "inspector":{
   "params":[
    "SignalNameFromLabel",
    "MustResolveToSignal",
    "ShowPropagatedSignal",
    "DataLogging",
    "TestPoint",
    "SignalObjectPackage",
    "StorageClass",
    "Description",
    "documentLink"
   ],
   "values":[
    "",
    "off",
    "off",
    "off",
    "off",
    "Simulink",
    "Auto",
    "",
    ""
   ],
   "tabs":[
    "Parameter Attributes",
    "Logging and Accessibility",
    "Code Generation",
    "Documentation"
   ],
   "tabs_idx":[
    0,
    3,
    5,
    7
   ]
  },
  "viewer":{
   "jshandler":"webview/handlers/ElementHandler"
  },
  "obj_viewer":[
  ],
  "finder":[
  ]
 },
 {
  "sid":"THEOV:130#out:1",
  "className":"Simulink.Line",
  "icon":"WebViewIcon5",
  "name":"",
  "label":"",
  "parent":"THEOV:129",
  "inspector":{
   "params":[
    "SignalNameFromLabel",
    "MustResolveToSignal",
    "ShowPropagatedSignal",
    "DataLogging",
    "TestPoint",
    "SignalObjectPackage",
    "StorageClass",
    "Description",
    "documentLink"
   ],
   "values":[
    "",
    "off",
    "off",
    "off",
    "off",
    "Simulink",
    "Auto",
    "",
    ""
   ],
   "tabs":[
    "Parameter Attributes",
    "Logging and Accessibility",
    "Code Generation",
    "Documentation"
   ],
   "tabs_idx":[
    0,
    3,
    5,
    7
   ]
  },
  "viewer":{
   "jshandler":"webview/handlers/ElementHandler"
  },
  "obj_viewer":[
  ],
  "finder":[
  ]
 },
 {
  "sid":"THEOV:258#out:1",
  "className":"Simulink.Line",
  "icon":"WebViewIcon5",
  "name":"",
  "label":"",
  "parent":"THEOV:129",
  "inspector":{
   "params":[
    "SignalNameFromLabel",
    "MustResolveToSignal",
    "ShowPropagatedSignal",
    "DataLogging",
    "TestPoint",
    "SignalObjectPackage",
    "StorageClass",
    "Description",
    "documentLink"
   ],
   "values":[
    "",
    "off",
    "off",
    "off",
    "off",
    "Simulink",
    "Auto",
    "",
    ""
   ],
   "tabs":[
    "Parameter Attributes",
    "Logging and Accessibility",
    "Code Generation",
    "Documentation"
   ],
   "tabs_idx":[
    0,
    3,
    5,
    7
   ]
  },
  "viewer":{
   "jshandler":"webview/handlers/ElementHandler"
  },
  "obj_viewer":[
  ],
  "finder":[
  ]
 },
 {
  "sid":"THEOV:137#out:1",
  "className":"Simulink.Line",
  "icon":"WebViewIcon5",
  "name":"",
  "label":"",
  "parent":"THEOV:129",
  "inspector":{
   "params":[
    "SignalNameFromLabel",
    "MustResolveToSignal",
    "ShowPropagatedSignal",
    "DataLogging",
    "TestPoint",
    "SignalObjectPackage",
    "StorageClass",
    "Description",
    "documentLink"
   ],
   "values":[
    "",
    "off",
    "off",
    "off",
    "off",
    "Simulink",
    "Auto",
    "",
    ""
   ],
   "tabs":[
    "Parameter Attributes",
    "Logging and Accessibility",
    "Code Generation",
    "Documentation"
   ],
   "tabs_idx":[
    0,
    3,
    5,
    7
   ]
  },
  "viewer":{
   "jshandler":"webview/handlers/ElementHandler"
  },
  "obj_viewer":[
  ],
  "finder":[
  ]
 },
 {
  "sid":"THEOV:138#out:1",
  "className":"Simulink.Line",
  "icon":"WebViewIcon5",
  "name":"",
  "label":"",
  "parent":"THEOV:129",
  "inspector":{
   "params":[
    "SignalNameFromLabel",
    "MustResolveToSignal",
    "ShowPropagatedSignal",
    "DataLogging",
    "TestPoint",
    "SignalObjectPackage",
    "StorageClass",
    "Description",
    "documentLink"
   ],
   "values":[
    "",
    "off",
    "off",
    "off",
    "off",
    "Simulink",
    "Auto",
    "",
    ""
   ],
   "tabs":[
    "Parameter Attributes",
    "Logging and Accessibility",
    "Code Generation",
    "Documentation"
   ],
   "tabs_idx":[
    0,
    3,
    5,
    7
   ]
  },
  "viewer":{
   "jshandler":"webview/handlers/ElementHandler"
  },
  "obj_viewer":[
  ],
  "finder":[
  ]
 },
 {
  "sid":"THEOV:259#out:1",
  "className":"Simulink.Line",
  "icon":"WebViewIcon5",
  "name":"",
  "label":"",
  "parent":"THEOV:129",
  "inspector":{
   "params":[
    "SignalNameFromLabel",
    "MustResolveToSignal",
    "ShowPropagatedSignal",
    "DataLogging",
    "TestPoint",
    "SignalObjectPackage",
    "StorageClass",
    "Description",
    "documentLink"
   ],
   "values":[
    "",
    "off",
    "off",
    "off",
    "off",
    "Simulink",
    "Auto",
    "",
    ""
   ],
   "tabs":[
    "Parameter Attributes",
    "Logging and Accessibility",
    "Code Generation",
    "Documentation"
   ],
   "tabs_idx":[
    0,
    3,
    5,
    7
   ]
  },
  "viewer":{
   "jshandler":"webview/handlers/ElementHandler"
  },
  "obj_viewer":[
  ],
  "finder":[
  ]
 },
 {
  "sid":"THEOV:260#out:1",
  "className":"Simulink.Line",
  "icon":"WebViewIcon5",
  "name":"",
  "label":"",
  "parent":"THEOV:129",
  "inspector":{
   "params":[
    "SignalNameFromLabel",
    "MustResolveToSignal",
    "ShowPropagatedSignal",
    "DataLogging",
    "TestPoint",
    "SignalObjectPackage",
    "StorageClass",
    "Description",
    "documentLink"
   ],
   "values":[
    "",
    "off",
    "off",
    "off",
    "off",
    "Simulink",
    "Auto",
    "",
    ""
   ],
   "tabs":[
    "Parameter Attributes",
    "Logging and Accessibility",
    "Code Generation",
    "Documentation"
   ],
   "tabs_idx":[
    0,
    3,
    5,
    7
   ]
  },
  "viewer":{
   "jshandler":"webview/handlers/ElementHandler"
  },
  "obj_viewer":[
  ],
  "finder":[
  ]
 },
 {
  "sid":"THEOV:136#out:1",
  "className":"Simulink.Line",
  "icon":"WebViewIcon5",
  "name":"",
  "label":"",
  "parent":"THEOV:129",
  "inspector":{
   "params":[
    "SignalNameFromLabel",
    "MustResolveToSignal",
    "ShowPropagatedSignal",
    "DataLogging",
    "TestPoint",
    "SignalObjectPackage",
    "StorageClass",
    "Description",
    "documentLink"
   ],
   "values":[
    "",
    "off",
    "off",
    "off",
    "off",
    "Simulink",
    "Auto",
    "",
    ""
   ],
   "tabs":[
    "Parameter Attributes",
    "Logging and Accessibility",
    "Code Generation",
    "Documentation"
   ],
   "tabs_idx":[
    0,
    3,
    5,
    7
   ]
  },
  "viewer":{
   "jshandler":"webview/handlers/ElementHandler"
  },
  "obj_viewer":[
  ],
  "finder":[
  ]
 },
 {
  "sid":"THEOV:333#out:1",
  "className":"Simulink.Line",
  "icon":"WebViewIcon5",
  "name":"",
  "label":"",
  "parent":"THEOV:129",
  "inspector":{
   "params":[
    "SignalNameFromLabel",
    "MustResolveToSignal",
    "ShowPropagatedSignal",
    "DataLogging",
    "TestPoint",
    "SignalObjectPackage",
    "StorageClass",
    "Description",
    "documentLink"
   ],
   "values":[
    "",
    "off",
    "off",
    "off",
    "off",
    "Simulink",
    "Auto",
    "",
    ""
   ],
   "tabs":[
    "Parameter Attributes",
    "Logging and Accessibility",
    "Code Generation",
    "Documentation"
   ],
   "tabs_idx":[
    0,
    3,
    5,
    7
   ]
  },
  "viewer":{
   "jshandler":"webview/handlers/ElementHandler"
  },
  "obj_viewer":[
  ],
  "finder":[
  ]
 }
]