[
 {
  "sid":"THEOV:343:257:21",
  "className":"Simulink.Outport",
  "icon":"WebViewIcon3",
  "name":"sigma_ug sigma_vg sigma_wg",
  "label":"sigma_ug sigma_vg sigma_wg",
  "parent":"THEOV:343:257:15",
  "inspector":{
   "params":[
    "Port",
    "IconDisplay",
    "OutMin",
    "OutMax",
    "OutDataTypeStr",
    "LockScale",
    "Unit",
    "PortDimensions",
    "VarSizeSig",
    "SampleTime",
    "SignalType",
    "BusOutputAsStruct",
    "EnsureOutportIsVirtual",
    "InitialOutput",
    "MustResolveToSignalObject",
    "OutputWhenDisabled",
    "OutputWhenUnConnected",
    "OutputWhenUnconnectedValue",
    "SignalName",
    "SignalObject",
    "SourceOfInitialOutputValue",
    "StorageClass",
    "VectorParamsAs1DForOutWhenUnconnected"
   ],
   "values":[
    "1",
    "Port number",
    "[]",
    "[]",
    "Inherit: auto",
    "off",
    "inherit",
    "-1",
    "Inherit",
    "-1",
    "auto",
    "off",
    "off",
    "0",
    "off",
    "held",
    "off",
    "0",
    "",
    [
    ],
    "Dialog",
    "Auto",
    "off"
   ],
   "tabs":[
    "Main",
    "Signal Attributes",
    "-Other"
   ],
   "tabs_idx":[
    0,
    2,
    11
   ]
  },
  "viewer":{
   "jshandler":"webview/handlers/ElementHandler"
  },
  "obj_viewer":[
  ],
  "finder":{
   "blocktype":"Outport",
   "masktype":""
  }
 },
 {
  "sid":"THEOV:343:257:20",
  "className":"Simulink.Constant",
  "icon":"WebViewIcon3",
  "name":"Probability of  Exceedance",
  "label":"Probability of  Exceedance",
  "parent":"THEOV:343:257:15",
  "inspector":{
   "params":[
    "Value",
    "VectorParams1D",
    "SampleTime",
    "OutMin",
    "OutMax",
    "OutDataTypeStr",
    "LockScale",
    "FramePeriod"
   ],
   "values":[
    "TurbProb",
    "on",
    "inf",
    "[]",
    "[]",
    "Inherit: Inherit via back propagation",
    "off",
    "inf"
   ],
   "tabs":[
    "Main",
    "Signal Attributes",
    "-Other"
   ],
   "tabs_idx":[
    0,
    3,
    7
   ]
  },
  "viewer":{
   "jshandler":"webview/handlers/ElementHandler"
  },
  "obj_viewer":[
  ],
  "finder":{
   "blocktype":"Constant",
   "masktype":""
  }
 },
 {
  "sid":"THEOV:343:257:19",
  "className":"Simulink.PreLookup",
  "icon":"WebViewIcon3",
  "name":"PreLook-Up Index Search  (prob of exceed)",
  "label":"PreLook-Up Index Search  (prob of exceed)",
  "parent":"THEOV:343:257:15",
  "inspector":{
   "params":[
    "BreakpointsSpecification",
    "BreakpointsDataSource",
    "BreakpointsData",
    "OutputSelection",
    "IndexSearchMethod",
    "BeginIndexSearchUsingPreviousIndexResult",
    "ExtrapMethod",
    "DiagnosticForOutOfRangeInput",
    "RemoveProtectionInput",
    "BreakpointDataTypeStr",
    "BreakpointMin",
    "BreakpointMax",
    "IndexDataTypeStr",
    "FractionDataTypeStr",
    "LockScale",
    "RndMeth",
    "BreakpointObject",
    "BreakpointsFirstPoint",
    "BreakpointsNumPoints",
    "BreakpointsSpacing",
    "OutputBusDataTypeStr",
    "SampleTime",
    "UseLastBreakpoint"
   ],
   "values":[
    "Explicit values",
    "Dialog",
    "[1:7]",
    "Index and fraction",
    "Binary search",
    "on",
    "Clip",
    "None",
    "off",
    "Inherit: Same as input",
    "[]",
    "[]",
    "uint32",
    "double",
    "off",
    "Floor",
    "",
    "10",
    "11",
    "10",
    "Inherit: auto",
    "-1",
    "on"
   ],
   "tabs":[
    "Main",
    "Data Types",
    "-Other"
   ],
   "tabs_idx":[
    0,
    9,
    16
   ]
  },
  "viewer":{
   "jshandler":"webview/handlers/ElementHandler"
  },
  "obj_viewer":[
  ],
  "finder":{
   "blocktype":"PreLookup",
   "masktype":""
  }
 },
 {
  "sid":"THEOV:343:257:18",
  "className":"Simulink.PreLookup",
  "icon":"WebViewIcon3",
  "name":"PreLook-Up Index Search  (altitude)",
  "label":"PreLook-Up Index Search  (altitude)",
  "parent":"THEOV:343:257:15",
  "inspector":{
   "params":[
    "BreakpointsSpecification",
    "BreakpointsDataSource",
    "BreakpointsData",
    "OutputSelection",
    "IndexSearchMethod",
    "BeginIndexSearchUsingPreviousIndexResult",
    "ExtrapMethod",
    "DiagnosticForOutOfRangeInput",
    "RemoveProtectionInput",
    "BreakpointDataTypeStr",
    "BreakpointMin",
    "BreakpointMax",
    "IndexDataTypeStr",
    "FractionDataTypeStr",
    "LockScale",
    "RndMeth",
    "BreakpointObject",
    "BreakpointsFirstPoint",
    "BreakpointsNumPoints",
    "BreakpointsSpacing",
    "OutputBusDataTypeStr",
    "SampleTime",
    "UseLastBreakpoint"
   ],
   "values":[
    "Explicit values",
    "Dialog",
    "h_vec",
    "Index and fraction",
    "Binary search",
    "on",
    "Clip",
    "None",
    "off",
    "Inherit: Same as input",
    "[]",
    "[]",
    "uint32",
    "double",
    "off",
    "Floor",
    "",
    "10",
    "11",
    "10",
    "Inherit: auto",
    "-1",
    "on"
   ],
   "tabs":[
    "Main",
    "Data Types",
    "-Other"
   ],
   "tabs_idx":[
    0,
    9,
    16
   ]
  },
  "viewer":{
   "jshandler":"webview/handlers/ElementHandler"
  },
  "obj_viewer":[
  ],
  "finder":{
   "blocktype":"PreLookup",
   "masktype":""
  }
 },
 {
  "sid":"THEOV:343:257:17",
  "className":"Simulink.Interpolation_nD",
  "icon":"WebViewIcon3",
  "name":"Medium/High Altitude Intensity",
  "label":"Medium/High Altitude Intensity",
  "parent":"THEOV:343:257:15",
  "inspector":{
   "params":[
    "NumberOfTableDimensions",
    "RequireIndexFractionAsBus",
    "TableSpecification",
    "TableSource",
    "Table",
    "InterpMethod",
    "ExtrapMethod",
    "DiagnosticForOutOfRangeInput",
    "NumSelectionDims",
    "RemoveProtectionIndex",
    "TableDataTypeStr",
    "TableMin",
    "TableMax",
    "IntermediateResultsDataTypeStr",
    "OutDataTypeStr",
    "OutMin",
    "OutMax",
    "InternalRulePriority",
    "LockScale",
    "RndMeth",
    "SaturateOnIntegerOverflow",
    "LookupTableObject",
    "SampleTime",
    "ValidIndexMayReachLast"
   ],
   "values":[
    "2",
    "off",
    "Explicit values",
    "Dialog",
    "sigma_vec'",
    "Linear point-slope",
    "Clip",
    "None",
    "0",
    "off",
    "Inherit: Same as output",
    "[]",
    "[]",
    "Inherit: Same as output",
    "double",
    "[]",
    "[]",
    "Precision",
    "off",
    "Floor",
    "off",
    "",
    "-1",
    "on"
   ],
   "tabs":[
    "Main",
    "Data Types",
    "-Other"
   ],
   "tabs_idx":[
    0,
    10,
    21
   ]
  },
  "viewer":{
   "jshandler":"webview/handlers/ElementHandler"
  },
  "obj_viewer":[
  ],
  "finder":{
   "blocktype":"Interpolation_n-D",
   "masktype":""
  }
 },
 {
  "sid":"THEOV:343:257:16",
  "className":"Simulink.Inport",
  "icon":"WebViewIcon3",
  "name":"h",
  "label":"h",
  "parent":"THEOV:343:257:15",
  "inspector":{
   "params":[
    "OutDataTypeStr",
    "Unit",
    "BusOutputAsStruct",
    "IconDisplay",
    "InputConnect",
    "Interpolate",
    "LatchByDelayingOutsideSignal",
    "LatchInputForFeedbackSignals",
    "LockScale",
    "OutMax",
    "OutMin",
    "OutputFunctionCall",
    "Port",
    "PortDimensions",
    "SampleTime",
    "SignalType",
    "VarSizeSig"
   ],
   "values":[
    "Inherit: auto",
    "inherit",
    "off",
    "Port number",
    "",
    "on",
    "off",
    "off",
    "off",
    "[]",
    "[]",
    "off",
    "1",
    "-1",
    "-1",
    "auto",
    "Inherit"
   ],
   "tabs":[
    "Signal Attributes",
    "-Other"
   ],
   "tabs_idx":[
    0,
    2
   ]
  },
  "viewer":{
   "jshandler":"webview/handlers/ElementHandler"
  },
  "obj_viewer":[
  ],
  "finder":{
   "blocktype":"Inport",
   "masktype":""
  }
 },
 {
  "sid":"THEOV:343:257:19#out:2",
  "className":"Simulink.Line",
  "icon":"WebViewIcon5",
  "name":"",
  "label":"",
  "parent":"THEOV:343:257:15",
  "inspector":{
   "params":[
    "SignalNameFromLabel",
    "MustResolveToSignal",
    "ShowPropagatedSignal",
    "DataLogging",
    "TestPoint",
    "SignalObjectPackage",
    "StorageClass",
    "Description",
    "documentLink"
   ],
   "values":[
    "",
    "off",
    "off",
    "off",
    "off",
    "Simulink",
    "Auto",
    "",
    ""
   ],
   "tabs":[
    "Parameter Attributes",
    "Logging and Accessibility",
    "Code Generation",
    "Documentation"
   ],
   "tabs_idx":[
    0,
    3,
    5,
    7
   ]
  },
  "viewer":{
   "jshandler":"webview/handlers/ElementHandler"
  },
  "obj_viewer":[
  ],
  "finder":[
  ]
 },
 {
  "sid":"THEOV:343:257:19#out:1",
  "className":"Simulink.Line",
  "icon":"WebViewIcon5",
  "name":"",
  "label":"",
  "parent":"THEOV:343:257:15",
  "inspector":{
   "params":[
    "SignalNameFromLabel",
    "MustResolveToSignal",
    "ShowPropagatedSignal",
    "DataLogging",
    "TestPoint",
    "SignalObjectPackage",
    "StorageClass",
    "Description",
    "documentLink"
   ],
   "values":[
    "",
    "off",
    "off",
    "off",
    "off",
    "Simulink",
    "Auto",
    "",
    ""
   ],
   "tabs":[
    "Parameter Attributes",
    "Logging and Accessibility",
    "Code Generation",
    "Documentation"
   ],
   "tabs_idx":[
    0,
    3,
    5,
    7
   ]
  },
  "viewer":{
   "jshandler":"webview/handlers/ElementHandler"
  },
  "obj_viewer":[
  ],
  "finder":[
  ]
 },
 {
  "sid":"THEOV:343:257:18#out:2",
  "className":"Simulink.Line",
  "icon":"WebViewIcon5",
  "name":"",
  "label":"",
  "parent":"THEOV:343:257:15",
  "inspector":{
   "params":[
    "SignalNameFromLabel",
    "MustResolveToSignal",
    "ShowPropagatedSignal",
    "DataLogging",
    "TestPoint",
    "SignalObjectPackage",
    "StorageClass",
    "Description",
    "documentLink"
   ],
   "values":[
    "",
    "off",
    "off",
    "off",
    "off",
    "Simulink",
    "Auto",
    "",
    ""
   ],
   "tabs":[
    "Parameter Attributes",
    "Logging and Accessibility",
    "Code Generation",
    "Documentation"
   ],
   "tabs_idx":[
    0,
    3,
    5,
    7
   ]
  },
  "viewer":{
   "jshandler":"webview/handlers/ElementHandler"
  },
  "obj_viewer":[
  ],
  "finder":[
  ]
 },
 {
  "sid":"THEOV:343:257:18#out:1",
  "className":"Simulink.Line",
  "icon":"WebViewIcon5",
  "name":"",
  "label":"",
  "parent":"THEOV:343:257:15",
  "inspector":{
   "params":[
    "SignalNameFromLabel",
    "MustResolveToSignal",
    "ShowPropagatedSignal",
    "DataLogging",
    "TestPoint",
    "SignalObjectPackage",
    "StorageClass",
    "Description",
    "documentLink"
   ],
   "values":[
    "",
    "off",
    "off",
    "off",
    "off",
    "Simulink",
    "Auto",
    "",
    ""
   ],
   "tabs":[
    "Parameter Attributes",
    "Logging and Accessibility",
    "Code Generation",
    "Documentation"
   ],
   "tabs_idx":[
    0,
    3,
    5,
    7
   ]
  },
  "viewer":{
   "jshandler":"webview/handlers/ElementHandler"
  },
  "obj_viewer":[
  ],
  "finder":[
  ]
 },
 {
  "sid":"THEOV:343:257:16#out:1",
  "className":"Simulink.Line",
  "icon":"WebViewIcon5",
  "name":"",
  "label":"",
  "parent":"THEOV:343:257:15",
  "inspector":{
   "params":[
    "SignalNameFromLabel",
    "MustResolveToSignal",
    "ShowPropagatedSignal",
    "DataLogging",
    "TestPoint",
    "SignalObjectPackage",
    "StorageClass",
    "Description",
    "documentLink"
   ],
   "values":[
    "",
    "off",
    "off",
    "off",
    "off",
    "Simulink",
    "Auto",
    "",
    ""
   ],
   "tabs":[
    "Parameter Attributes",
    "Logging and Accessibility",
    "Code Generation",
    "Documentation"
   ],
   "tabs_idx":[
    0,
    3,
    5,
    7
   ]
  },
  "viewer":{
   "jshandler":"webview/handlers/ElementHandler"
  },
  "obj_viewer":[
  ],
  "finder":[
  ]
 },
 {
  "sid":"THEOV:343:257:17#out:1",
  "className":"Simulink.Line",
  "icon":"WebViewIcon5",
  "name":"",
  "label":"",
  "parent":"THEOV:343:257:15",
  "inspector":{
   "params":[
    "SignalNameFromLabel",
    "MustResolveToSignal",
    "ShowPropagatedSignal",
    "DataLogging",
    "TestPoint",
    "SignalObjectPackage",
    "StorageClass",
    "Description",
    "documentLink"
   ],
   "values":[
    "",
    "off",
    "off",
    "off",
    "off",
    "Simulink",
    "Auto",
    "",
    ""
   ],
   "tabs":[
    "Parameter Attributes",
    "Logging and Accessibility",
    "Code Generation",
    "Documentation"
   ],
   "tabs_idx":[
    0,
    3,
    5,
    7
   ]
  },
  "viewer":{
   "jshandler":"webview/handlers/ElementHandler"
  },
  "obj_viewer":[
  ],
  "finder":[
  ]
 },
 {
  "sid":"THEOV:343:257:20#out:1",
  "className":"Simulink.Line",
  "icon":"WebViewIcon5",
  "name":"",
  "label":"",
  "parent":"THEOV:343:257:15",
  "inspector":{
   "params":[
    "SignalNameFromLabel",
    "MustResolveToSignal",
    "ShowPropagatedSignal",
    "DataLogging",
    "TestPoint",
    "SignalObjectPackage",
    "StorageClass",
    "Description",
    "documentLink"
   ],
   "values":[
    "",
    "off",
    "off",
    "off",
    "off",
    "Simulink",
    "Auto",
    "",
    ""
   ],
   "tabs":[
    "Parameter Attributes",
    "Logging and Accessibility",
    "Code Generation",
    "Documentation"
   ],
   "tabs_idx":[
    0,
    3,
    5,
    7
   ]
  },
  "viewer":{
   "jshandler":"webview/handlers/ElementHandler"
  },
  "obj_viewer":[
  ],
  "finder":[
  ]
 }
]