[
 {
  "sid":"THEOV:146:7",
  "className":"Stateflow.State",
  "icon":"WebViewIcon9",
  "name":"Fuze",
  "label":"Fuze",
  "parent":"THEOV:146",
  "inspector":{
   "params":[
    "HasOutputData",
    "InlineOption",
    "LabelString",
    "DataLogging",
    "TestPoint",
    "Description",
    "Document"
   ],
   "values":[
    false,
    "Auto",
    "Fuze",
    false,
    false,
    "",
    ""
   ],
   "tabs":[
    "General",
    "Logging",
    "Documentation"
   ],
   "tabs_idx":[
    0,
    3,
    5
   ]
  },
  "viewer":{
   "jshandler":"webview/handlers/ElementHandler"
  },
  "obj_viewer":[
  ],
  "finder":[
  ]
 },
 {
  "sid":"THEOV:146:8",
  "className":"Stateflow.State",
  "icon":"WebViewIcon9",
  "name":"Inert",
  "label":"Inert",
  "parent":"THEOV:146",
  "inspector":{
   "params":[
    "HasOutputData",
    "InlineOption",
    "LabelString",
    "DataLogging",
    "TestPoint",
    "Description",
    "Document"
   ],
   "values":[
    false,
    "Auto",
    "Inert\nen:Fuze = 0;",
    false,
    false,
    "",
    ""
   ],
   "tabs":[
    "General",
    "Logging",
    "Documentation"
   ],
   "tabs_idx":[
    0,
    3,
    5
   ]
  },
  "viewer":{
   "jshandler":"webview/handlers/ElementHandler"
  },
  "obj_viewer":[
  ],
  "finder":[
  ]
 },
 {
  "sid":"THEOV:146:9",
  "className":"Stateflow.State",
  "icon":"WebViewIcon9",
  "name":"Armed",
  "label":"Armed",
  "parent":"THEOV:146",
  "inspector":{
   "params":[
    "HasOutputData",
    "InlineOption",
    "LabelString",
    "DataLogging",
    "TestPoint",
    "Description",
    "Document"
   ],
   "values":[
    false,
    "Auto",
    "Armed\nen:Fuze=1;",
    false,
    false,
    "",
    ""
   ],
   "tabs":[
    "General",
    "Logging",
    "Documentation"
   ],
   "tabs_idx":[
    0,
    3,
    5
   ]
  },
  "viewer":{
   "jshandler":"webview/handlers/ElementHandler"
  },
  "obj_viewer":[
  ],
  "finder":[
  ]
 },
 {
  "sid":"THEOV:146:19",
  "className":"Stateflow.Transition",
  "icon":"WebViewIcon10",
  "name":"",
  "label":"Timeout",
  "parent":"THEOV:146",
  "inspector":{
   "params":[
    "LabelString",
    "Description",
    "Document"
   ],
   "values":[
    "Timeout",
    "",
    ""
   ],
   "tabs":[
    "Parameter Attributes"
   ],
   "tabs_idx":0
  },
  "viewer":{
   "jshandler":"webview/handlers/ElementHandler"
  },
  "obj_viewer":[
  ],
  "finder":[
  ]
 },
 {
  "sid":"THEOV:146:17",
  "className":"Stateflow.Transition",
  "icon":"WebViewIcon10",
  "name":"",
  "label":"?",
  "parent":"THEOV:146",
  "inspector":{
   "params":[
    "LabelString",
    "Description",
    "Document"
   ],
   "values":[
    "?",
    "",
    ""
   ],
   "tabs":[
    "Parameter Attributes"
   ],
   "tabs_idx":0
  },
  "viewer":{
   "jshandler":"webview/handlers/ElementHandler"
  },
  "obj_viewer":[
  ],
  "finder":[
  ]
 },
 {
  "sid":"THEOV:146:18",
  "className":"Stateflow.Transition",
  "icon":"WebViewIcon10",
  "name":"",
  "label":"enter(Guidance.Target_Search)",
  "parent":"THEOV:146",
  "inspector":{
   "params":[
    "LabelString",
    "Description",
    "Document"
   ],
   "values":[
    "enter(Guidance.Target_Search)",
    "",
    ""
   ],
   "tabs":[
    "Parameter Attributes"
   ],
   "tabs_idx":0
  },
  "viewer":{
   "jshandler":"webview/handlers/ElementHandler"
  },
  "obj_viewer":[
  ],
  "finder":[
  ]
 },
 {
  "sid":"THEOV:146:20",
  "className":"Stateflow.Transition",
  "icon":"WebViewIcon10",
  "name":"",
  "label":"[in(Guidance.Radar_Guided)&&Range<1000]",
  "parent":"THEOV:146",
  "inspector":{
   "params":[
    "LabelString",
    "Description",
    "Document"
   ],
   "values":[
    "[in(Guidance.Radar_Guided)&&Range<1000]",
    "",
    ""
   ],
   "tabs":[
    "Parameter Attributes"
   ],
   "tabs_idx":0
  },
  "viewer":{
   "jshandler":"webview/handlers/ElementHandler"
  },
  "obj_viewer":[
  ],
  "finder":[
  ]
 },
 {
  "sid":"THEOV:146:1",
  "className":"Stateflow.State",
  "icon":"WebViewIcon9",
  "name":"Guidance",
  "label":"Guidance",
  "parent":"THEOV:146",
  "inspector":{
   "params":[
    "HasOutputData",
    "InlineOption",
    "LabelString",
    "DataLogging",
    "TestPoint",
    "Description",
    "Document"
   ],
   "values":[
    false,
    "Auto",
    "Guidance",
    false,
    false,
    "",
    ""
   ],
   "tabs":[
    "General",
    "Logging",
    "Documentation"
   ],
   "tabs_idx":[
    0,
    3,
    5
   ]
  },
  "viewer":{
   "jshandler":"webview/handlers/ElementHandler"
  },
  "obj_viewer":[
  ],
  "finder":[
  ]
 },
 {
  "sid":"THEOV:146:6",
  "className":"Stateflow.State",
  "icon":"WebViewIcon9",
  "name":"Blind_Range",
  "label":"Blind_Range",
  "parent":"THEOV:146",
  "inspector":{
   "params":[
    "HasOutputData",
    "InlineOption",
    "LabelString",
    "DataLogging",
    "TestPoint",
    "Description",
    "Document"
   ],
   "values":[
    false,
    "Auto",
    "Blind_Range\nen:Mode=4;",
    false,
    false,
    "",
    ""
   ],
   "tabs":[
    "General",
    "Logging",
    "Documentation"
   ],
   "tabs_idx":[
    0,
    3,
    5
   ]
  },
  "viewer":{
   "jshandler":"webview/handlers/ElementHandler"
  },
  "obj_viewer":[
  ],
  "finder":[
  ]
 },
 {
  "sid":"THEOV:146:5",
  "className":"Stateflow.State",
  "icon":"WebViewIcon9",
  "name":"Radar_Guided",
  "label":"Radar_Guided",
  "parent":"THEOV:146",
  "inspector":{
   "params":[
    "HasOutputData",
    "InlineOption",
    "LabelString",
    "DataLogging",
    "TestPoint",
    "Description",
    "Document"
   ],
   "values":[
    false,
    "Auto",
    "Radar_Guided\nen:Mode=3;\nex:az_fix=az_dem;",
    false,
    false,
    "",
    ""
   ],
   "tabs":[
    "General",
    "Logging",
    "Documentation"
   ],
   "tabs_idx":[
    0,
    3,
    5
   ]
  },
  "viewer":{
   "jshandler":"webview/handlers/ElementHandler"
  },
  "obj_viewer":[
  ],
  "finder":[
  ]
 },
 {
  "sid":"THEOV:146:4",
  "className":"Stateflow.State",
  "icon":"WebViewIcon9",
  "name":"Abort",
  "label":"Abort",
  "parent":"THEOV:146",
  "inspector":{
   "params":[
    "HasOutputData",
    "InlineOption",
    "LabelString",
    "DataLogging",
    "TestPoint",
    "Description",
    "Document"
   ],
   "values":[
    false,
    "Auto",
    "Abort\nen:Detonate=1;",
    false,
    false,
    "",
    ""
   ],
   "tabs":[
    "General",
    "Logging",
    "Documentation"
   ],
   "tabs_idx":[
    0,
    3,
    5
   ]
  },
  "viewer":{
   "jshandler":"webview/handlers/ElementHandler"
  },
  "obj_viewer":[
  ],
  "finder":[
  ]
 },
 {
  "sid":"THEOV:146:2",
  "className":"Stateflow.State",
  "icon":"WebViewIcon9",
  "name":"Target_Search",
  "label":"Target_Search",
  "parent":"THEOV:146",
  "inspector":{
   "params":[
    "HasOutputData",
    "InlineOption",
    "LabelString",
    "DataLogging",
    "TestPoint",
    "Description",
    "Document"
   ],
   "values":[
    false,
    "Auto",
    "Target_Search\n  en: Mode=1;Sigma_d=0;incr=-100;Acquire_time=t;\n  du: Sigma_d=Sigma_d+0.01*incr;",
    false,
    false,
    "",
    ""
   ],
   "tabs":[
    "General",
    "Logging",
    "Documentation"
   ],
   "tabs_idx":[
    0,
    3,
    5
   ]
  },
  "viewer":{
   "jshandler":"webview/handlers/ElementHandler"
  },
  "obj_viewer":[
  ],
  "finder":[
  ]
 },
 {
  "sid":"THEOV:146:12",
  "className":"Stateflow.Transition",
  "icon":"WebViewIcon10",
  "name":"",
  "label":"[Sigma_d>30||Sigma_d<-30]  / incr=-incr;",
  "parent":"THEOV:146",
  "inspector":{
   "params":[
    "LabelString",
    "Description",
    "Document"
   ],
   "values":[
    "[Sigma_d>30||Sigma_d<-30]  / incr=-incr;",
    "",
    ""
   ],
   "tabs":[
    "Parameter Attributes"
   ],
   "tabs_idx":0
  },
  "viewer":{
   "jshandler":"webview/handlers/ElementHandler"
  },
  "obj_viewer":[
  ],
  "finder":[
  ]
 },
 {
  "sid":"THEOV:146:3",
  "className":"Stateflow.State",
  "icon":"WebViewIcon9",
  "name":"Target_Lock",
  "label":"Target_Lock",
  "parent":"THEOV:146",
  "inspector":{
   "params":[
    "HasOutputData",
    "InlineOption",
    "LabelString",
    "DataLogging",
    "TestPoint",
    "Description",
    "Document"
   ],
   "values":[
    false,
    "Auto",
    "Target_Lock\nen:Mode=2;Acquire_time=t;",
    false,
    false,
    "",
    ""
   ],
   "tabs":[
    "General",
    "Logging",
    "Documentation"
   ],
   "tabs_idx":[
    0,
    3,
    5
   ]
  },
  "viewer":{
   "jshandler":"webview/handlers/ElementHandler"
  },
  "obj_viewer":[
  ],
  "finder":[
  ]
 },
 {
  "sid":"THEOV:146:16",
  "className":"Stateflow.Transition",
  "icon":"WebViewIcon10",
  "name":"",
  "label":"[Range<2000]",
  "parent":"THEOV:146",
  "inspector":{
   "params":[
    "LabelString",
    "Description",
    "Document"
   ],
   "values":[
    "[Range<2000]",
    "",
    ""
   ],
   "tabs":[
    "Parameter Attributes"
   ],
   "tabs_idx":0
  },
  "viewer":{
   "jshandler":"webview/handlers/ElementHandler"
  },
  "obj_viewer":[
  ],
  "finder":[
  ]
 },
 {
  "sid":"THEOV:146:11",
  "className":"Stateflow.Transition",
  "icon":"WebViewIcon10",
  "name":"",
  "label":"[Acquire==0]",
  "parent":"THEOV:146",
  "inspector":{
   "params":[
    "LabelString",
    "Description",
    "Document"
   ],
   "values":[
    "[Acquire==0]",
    "",
    ""
   ],
   "tabs":[
    "Parameter Attributes"
   ],
   "tabs_idx":0
  },
  "viewer":{
   "jshandler":"webview/handlers/ElementHandler"
  },
  "obj_viewer":[
  ],
  "finder":[
  ]
 },
 {
  "sid":"THEOV:146:10",
  "className":"Stateflow.Transition",
  "icon":"WebViewIcon10",
  "name":"",
  "label":"{az_fix=-9.81;}",
  "parent":"THEOV:146",
  "inspector":{
   "params":[
    "LabelString",
    "Description",
    "Document"
   ],
   "values":[
    "{az_fix=-9.81;}",
    "",
    ""
   ],
   "tabs":[
    "Parameter Attributes"
   ],
   "tabs_idx":0
  },
  "viewer":{
   "jshandler":"webview/handlers/ElementHandler"
  },
  "obj_viewer":[
  ],
  "finder":[
  ]
 },
 {
  "sid":"THEOV:146:15",
  "className":"Stateflow.Transition",
  "icon":"WebViewIcon10",
  "name":"",
  "label":"[t-Acquire_time>0.2]",
  "parent":"THEOV:146",
  "inspector":{
   "params":[
    "LabelString",
    "Description",
    "Document"
   ],
   "values":[
    "[t-Acquire_time>0.2]",
    "",
    ""
   ],
   "tabs":[
    "Parameter Attributes"
   ],
   "tabs_idx":0
  },
  "viewer":{
   "jshandler":"webview/handlers/ElementHandler"
  },
  "obj_viewer":[
  ],
  "finder":[
  ]
 },
 {
  "sid":"THEOV:146:14",
  "className":"Stateflow.Transition",
  "icon":"WebViewIcon10",
  "name":"",
  "label":"[Acquire==1]",
  "parent":"THEOV:146",
  "inspector":{
   "params":[
    "LabelString",
    "Description",
    "Document"
   ],
   "values":[
    "[Acquire==1]",
    "",
    ""
   ],
   "tabs":[
    "Parameter Attributes"
   ],
   "tabs_idx":0
  },
  "viewer":{
   "jshandler":"webview/handlers/ElementHandler"
  },
  "obj_viewer":[
  ],
  "finder":[
  ]
 },
 {
  "sid":"THEOV:146:13",
  "className":"Stateflow.Transition",
  "icon":"WebViewIcon10",
  "name":"",
  "label":"[t-Acquire_time>7]  / send(Timeout, Fuze);",
  "parent":"THEOV:146",
  "inspector":{
   "params":[
    "LabelString",
    "Description",
    "Document"
   ],
   "values":[
    "[t-Acquire_time>7] \n/ send(Timeout, Fuze);",
    "",
    ""
   ],
   "tabs":[
    "Parameter Attributes"
   ],
   "tabs_idx":0
  },
  "viewer":{
   "jshandler":"webview/handlers/ElementHandler"
  },
  "obj_viewer":[
  ],
  "finder":[
  ]
 }
]